DEBUG - 2026-07-14 00:02:03 --> Session: Class initialized using 'CodeIgniter\Session\Handlers\FileHandler' driver.
DEBUG - 2026-07-14 00:04:51 --> Session: Class initialized using 'CodeIgniter\Session\Handlers\FileHandler' driver.
DEBUG - 2026-07-14 00:18:25 --> Session: Class initialized using 'CodeIgniter\Session\Handlers\FileHandler' driver.
WARNING - 2026-07-14 00:18:26 --> [DEPRECATED] explode(): Passing null to parameter #2 ($string) of type string is deprecated in APPPATH/Views/home/view_job.php on line 1779.
 1 APPPATH/Views/home/view_job.php(1779): explode(' ', null)
 2 SYSTEMPATH/View/View.php(226): include('/home/jobbcfsf/public_html/app/Views/home/view_job.php')
 3 SYSTEMPATH/View/View.php(229): CodeIgniter\View\View->{closure:CodeIgniter\View\View::render():223}()
 4 SYSTEMPATH/Common.php(1167): CodeIgniter\View\View->render('home/view_job', [], true)
 5 APPPATH/Controllers/Home.php(1071): view('home/view_job', [...])
 6 SYSTEMPATH/CodeIgniter.php(933): App\Controllers\Home->view_job('2026-ap-graduate-trainee-programme-graduate-jobs-nigeria-lagos')
 7 SYSTEMPATH/CodeIgniter.php(507): CodeIgniter\CodeIgniter->runController(Object(App\Controllers\Home))
 8 SYSTEMPATH/CodeIgniter.php(354): CodeIgniter\CodeIgniter->handleRequest(null, Object(Config\Cache), false)
 9 SYSTEMPATH/Boot.php(363): CodeIgniter\CodeIgniter->run()
10 SYSTEMPATH/Boot.php(68): CodeIgniter\Boot::runCodeIgniter(Object(CodeIgniter\CodeIgniter))
11 FCPATH/index.php(59): CodeIgniter\Boot::bootWeb(Object(Config\Paths))
DEBUG - 2026-07-14 00:18:55 --> Session: Class initialized using 'CodeIgniter\Session\Handlers\FileHandler' driver.
DEBUG - 2026-07-14 00:19:29 --> Session: Class initialized using 'CodeIgniter\Session\Handlers\FileHandler' driver.
WARNING - 2026-07-14 00:19:29 --> [DEPRECATED] explode(): Passing null to parameter #2 ($string) of type string is deprecated in APPPATH/Views/home/view_job.php on line 1779.
 1 APPPATH/Views/home/view_job.php(1779): explode(' ', null)
 2 SYSTEMPATH/View/View.php(226): include('/home/jobbcfsf/public_html/app/Views/home/view_job.php')
 3 SYSTEMPATH/View/View.php(229): CodeIgniter\View\View->{closure:CodeIgniter\View\View::render():223}()
 4 SYSTEMPATH/Common.php(1167): CodeIgniter\View\View->render('home/view_job', [], true)
 5 APPPATH/Controllers/Home.php(1071): view('home/view_job', [...])
 6 SYSTEMPATH/CodeIgniter.php(933): App\Controllers\Home->view_job('2026-ap-graduate-trainee-programme-graduate-jobs-nigeria-lagos')
 7 SYSTEMPATH/CodeIgniter.php(507): CodeIgniter\CodeIgniter->runController(Object(App\Controllers\Home))
 8 SYSTEMPATH/CodeIgniter.php(354): CodeIgniter\CodeIgniter->handleRequest(null, Object(Config\Cache), false)
 9 SYSTEMPATH/Boot.php(363): CodeIgniter\CodeIgniter->run()
10 SYSTEMPATH/Boot.php(68): CodeIgniter\Boot::runCodeIgniter(Object(CodeIgniter\CodeIgniter))
11 FCPATH/index.php(59): CodeIgniter\Boot::bootWeb(Object(Config\Paths))
DEBUG - 2026-07-14 00:22:13 --> Session: Class initialized using 'CodeIgniter\Session\Handlers\FileHandler' driver.
DEBUG - 2026-07-14 00:23:36 --> Session: Class initialized using 'CodeIgniter\Session\Handlers\FileHandler' driver.
DEBUG - 2026-07-14 00:24:49 --> Session: Class initialized using 'CodeIgniter\Session\Handlers\FileHandler' driver.
WARNING - 2026-07-14 00:24:49 --> [DEPRECATED] trim(): Passing null to parameter #1 ($string) of type string is deprecated in APPPATH/Controllers/Home.php on line 2366.
 1 APPPATH/Controllers/Home.php(2366): trim(null)
 2 SYSTEMPATH/CodeIgniter.php(933): App\Controllers\Home->blogs()
 3 SYSTEMPATH/CodeIgniter.php(507): CodeIgniter\CodeIgniter->runController(Object(App\Controllers\Home))
 4 SYSTEMPATH/CodeIgniter.php(354): CodeIgniter\CodeIgniter->handleRequest(null, Object(Config\Cache), false)
 5 SYSTEMPATH/Boot.php(363): CodeIgniter\CodeIgniter->run()
 6 SYSTEMPATH/Boot.php(68): CodeIgniter\Boot::runCodeIgniter(Object(CodeIgniter\CodeIgniter))
 7 FCPATH/index.php(59): CodeIgniter\Boot::bootWeb(Object(Config\Paths))
DEBUG - 2026-07-14 00:24:53 --> Session: Class initialized using 'CodeIgniter\Session\Handlers\FileHandler' driver.
WARNING - 2026-07-14 00:24:53 --> [DEPRECATED] trim(): Passing null to parameter #1 ($string) of type string is deprecated in APPPATH/Controllers/Home.php on line 2366.
 1 APPPATH/Controllers/Home.php(2366): trim(null)
 2 SYSTEMPATH/CodeIgniter.php(933): App\Controllers\Home->blogs()
 3 SYSTEMPATH/CodeIgniter.php(507): CodeIgniter\CodeIgniter->runController(Object(App\Controllers\Home))
 4 SYSTEMPATH/CodeIgniter.php(354): CodeIgniter\CodeIgniter->handleRequest(null, Object(Config\Cache), false)
 5 SYSTEMPATH/Boot.php(363): CodeIgniter\CodeIgniter->run()
 6 SYSTEMPATH/Boot.php(68): CodeIgniter\Boot::runCodeIgniter(Object(CodeIgniter\CodeIgniter))
 7 FCPATH/index.php(59): CodeIgniter\Boot::bootWeb(Object(Config\Paths))
DEBUG - 2026-07-14 00:24:59 --> Session: Class initialized using 'CodeIgniter\Session\Handlers\FileHandler' driver.
DEBUG - 2026-07-14 00:26:22 --> Session: Class initialized using 'CodeIgniter\Session\Handlers\FileHandler' driver.
DEBUG - 2026-07-14 00:27:46 --> Session: Class initialized using 'CodeIgniter\Session\Handlers\FileHandler' driver.
DEBUG - 2026-07-14 00:29:10 --> Session: Class initialized using 'CodeIgniter\Session\Handlers\FileHandler' driver.
DEBUG - 2026-07-14 00:30:59 --> Session: Class initialized using 'CodeIgniter\Session\Handlers\FileHandler' driver.
DEBUG - 2026-07-14 00:30:59 --> Session: Class initialized using 'CodeIgniter\Session\Handlers\FileHandler' driver.
WARNING - 2026-07-14 00:30:59 --> [DEPRECATED] explode(): Passing null to parameter #2 ($string) of type string is deprecated in APPPATH/Views/home/view_job.php on line 1779.
 1 APPPATH/Views/home/view_job.php(1779): explode(' ', null)
 2 SYSTEMPATH/View/View.php(226): include('/home/jobbcfsf/public_html/app/Views/home/view_job.php')
 3 SYSTEMPATH/View/View.php(229): CodeIgniter\View\View->{closure:CodeIgniter\View\View::render():223}()
 4 SYSTEMPATH/Common.php(1167): CodeIgniter\View\View->render('home/view_job', [], true)
 5 APPPATH/Controllers/Home.php(1071): view('home/view_job', [...])
 6 SYSTEMPATH/CodeIgniter.php(933): App\Controllers\Home->view_job('multiple-vacancies-renaissance-africa-energy-company-finance-hr-supply-chai')
 7 SYSTEMPATH/CodeIgniter.php(507): CodeIgniter\CodeIgniter->runController(Object(App\Controllers\Home))
 8 SYSTEMPATH/CodeIgniter.php(354): CodeIgniter\CodeIgniter->handleRequest(null, Object(Config\Cache), false)
 9 SYSTEMPATH/Boot.php(363): CodeIgniter\CodeIgniter->run()
10 SYSTEMPATH/Boot.php(68): CodeIgniter\Boot::runCodeIgniter(Object(CodeIgniter\CodeIgniter))
11 FCPATH/index.php(59): CodeIgniter\Boot::bootWeb(Object(Config\Paths))
DEBUG - 2026-07-14 00:31:55 --> Session: Class initialized using 'CodeIgniter\Session\Handlers\FileHandler' driver.
DEBUG - 2026-07-14 00:31:56 --> Session: Class initialized using 'CodeIgniter\Session\Handlers\FileHandler' driver.
DEBUG - 2026-07-14 00:40:54 --> Session: Class initialized using 'CodeIgniter\Session\Handlers\FileHandler' driver.
DEBUG - 2026-07-14 00:42:01 --> Session: Class initialized using 'CodeIgniter\Session\Handlers\FileHandler' driver.
DEBUG - 2026-07-14 00:43:24 --> Session: Class initialized using 'CodeIgniter\Session\Handlers\FileHandler' driver.
DEBUG - 2026-07-14 00:44:48 --> Session: Class initialized using 'CodeIgniter\Session\Handlers\FileHandler' driver.
DEBUG - 2026-07-14 00:46:12 --> Session: Class initialized using 'CodeIgniter\Session\Handlers\FileHandler' driver.
DEBUG - 2026-07-14 00:47:36 --> Session: Class initialized using 'CodeIgniter\Session\Handlers\FileHandler' driver.
DEBUG - 2026-07-14 00:48:59 --> Session: Class initialized using 'CodeIgniter\Session\Handlers\FileHandler' driver.
DEBUG - 2026-07-14 00:50:22 --> Session: Class initialized using 'CodeIgniter\Session\Handlers\FileHandler' driver.
DEBUG - 2026-07-14 00:51:46 --> Session: Class initialized using 'CodeIgniter\Session\Handlers\FileHandler' driver.
DEBUG - 2026-07-14 00:53:09 --> Session: Class initialized using 'CodeIgniter\Session\Handlers\FileHandler' driver.
DEBUG - 2026-07-14 00:54:33 --> Session: Class initialized using 'CodeIgniter\Session\Handlers\FileHandler' driver.
DEBUG - 2026-07-14 00:55:58 --> Session: Class initialized using 'CodeIgniter\Session\Handlers\FileHandler' driver.
DEBUG - 2026-07-14 00:57:22 --> Session: Class initialized using 'CodeIgniter\Session\Handlers\FileHandler' driver.
DEBUG - 2026-07-14 00:58:45 --> Session: Class initialized using 'CodeIgniter\Session\Handlers\FileHandler' driver.
DEBUG - 2026-07-14 01:00:09 --> Session: Class initialized using 'CodeIgniter\Session\Handlers\FileHandler' driver.
DEBUG - 2026-07-14 01:01:32 --> Session: Class initialized using 'CodeIgniter\Session\Handlers\FileHandler' driver.
DEBUG - 2026-07-14 01:02:56 --> Session: Class initialized using 'CodeIgniter\Session\Handlers\FileHandler' driver.
DEBUG - 2026-07-14 01:04:20 --> Session: Class initialized using 'CodeIgniter\Session\Handlers\FileHandler' driver.
DEBUG - 2026-07-14 01:04:45 --> Session: Class initialized using 'CodeIgniter\Session\Handlers\FileHandler' driver.
DEBUG - 2026-07-14 01:05:05 --> Session: Class initialized using 'CodeIgniter\Session\Handlers\FileHandler' driver.
DEBUG - 2026-07-14 01:05:42 --> Session: Class initialized using 'CodeIgniter\Session\Handlers\FileHandler' driver.
DEBUG - 2026-07-14 01:07:06 --> Session: Class initialized using 'CodeIgniter\Session\Handlers\FileHandler' driver.
DEBUG - 2026-07-14 01:07:46 --> Session: Class initialized using 'CodeIgniter\Session\Handlers\FileHandler' driver.
DEBUG - 2026-07-14 01:08:30 --> Session: Class initialized using 'CodeIgniter\Session\Handlers\FileHandler' driver.
DEBUG - 2026-07-14 01:09:32 --> Session: Class initialized using 'CodeIgniter\Session\Handlers\FileHandler' driver.
WARNING - 2026-07-14 01:09:32 --> [DEPRECATED] explode(): Passing null to parameter #2 ($string) of type string is deprecated in APPPATH/Views/home/view_job.php on line 1779.
 1 APPPATH/Views/home/view_job.php(1779): explode(' ', null)
 2 SYSTEMPATH/View/View.php(226): include('/home/jobbcfsf/public_html/app/Views/home/view_job.php')
 3 SYSTEMPATH/View/View.php(229): CodeIgniter\View\View->{closure:CodeIgniter\View\View::render():223}()
 4 SYSTEMPATH/Common.php(1167): CodeIgniter\View\View->render('home/view_job', [], true)
 5 APPPATH/Controllers/Home.php(1071): view('home/view_job', [...])
 6 SYSTEMPATH/CodeIgniter.php(933): App\Controllers\Home->view_job('multiple-vacancies-renaissance-africa-energy-company-finance-hr-supply-chai')
 7 SYSTEMPATH/CodeIgniter.php(507): CodeIgniter\CodeIgniter->runController(Object(App\Controllers\Home))
 8 SYSTEMPATH/CodeIgniter.php(354): CodeIgniter\CodeIgniter->handleRequest(null, Object(Config\Cache), false)
 9 SYSTEMPATH/Boot.php(363): CodeIgniter\CodeIgniter->run()
10 SYSTEMPATH/Boot.php(68): CodeIgniter\Boot::runCodeIgniter(Object(CodeIgniter\CodeIgniter))
11 FCPATH/index.php(59): CodeIgniter\Boot::bootWeb(Object(Config\Paths))
DEBUG - 2026-07-14 01:09:54 --> Session: Class initialized using 'CodeIgniter\Session\Handlers\FileHandler' driver.
DEBUG - 2026-07-14 01:11:17 --> Session: Class initialized using 'CodeIgniter\Session\Handlers\FileHandler' driver.
DEBUG - 2026-07-14 01:12:41 --> Session: Class initialized using 'CodeIgniter\Session\Handlers\FileHandler' driver.
DEBUG - 2026-07-14 01:13:26 --> Session: Class initialized using 'CodeIgniter\Session\Handlers\FileHandler' driver.
DEBUG - 2026-07-14 01:14:18 --> Session: Class initialized using 'CodeIgniter\Session\Handlers\FileHandler' driver.
DEBUG - 2026-07-14 01:15:28 --> Session: Class initialized using 'CodeIgniter\Session\Handlers\FileHandler' driver.
DEBUG - 2026-07-14 01:16:51 --> Session: Class initialized using 'CodeIgniter\Session\Handlers\FileHandler' driver.
DEBUG - 2026-07-14 01:18:15 --> Session: Class initialized using 'CodeIgniter\Session\Handlers\FileHandler' driver.
DEBUG - 2026-07-14 01:19:38 --> Session: Class initialized using 'CodeIgniter\Session\Handlers\FileHandler' driver.
DEBUG - 2026-07-14 01:21:02 --> Session: Class initialized using 'CodeIgniter\Session\Handlers\FileHandler' driver.
DEBUG - 2026-07-14 01:22:25 --> Session: Class initialized using 'CodeIgniter\Session\Handlers\FileHandler' driver.
DEBUG - 2026-07-14 01:23:49 --> Session: Class initialized using 'CodeIgniter\Session\Handlers\FileHandler' driver.
DEBUG - 2026-07-14 01:24:02 --> Session: Class initialized using 'CodeIgniter\Session\Handlers\FileHandler' driver.
DEBUG - 2026-07-14 01:25:12 --> Session: Class initialized using 'CodeIgniter\Session\Handlers\FileHandler' driver.
DEBUG - 2026-07-14 01:26:36 --> Session: Class initialized using 'CodeIgniter\Session\Handlers\FileHandler' driver.
DEBUG - 2026-07-14 01:28:00 --> Session: Class initialized using 'CodeIgniter\Session\Handlers\FileHandler' driver.
DEBUG - 2026-07-14 01:29:23 --> Session: Class initialized using 'CodeIgniter\Session\Handlers\FileHandler' driver.
DEBUG - 2026-07-14 01:30:47 --> Session: Class initialized using 'CodeIgniter\Session\Handlers\FileHandler' driver.
DEBUG - 2026-07-14 01:32:10 --> Session: Class initialized using 'CodeIgniter\Session\Handlers\FileHandler' driver.
DEBUG - 2026-07-14 01:33:32 --> Session: Class initialized using 'CodeIgniter\Session\Handlers\FileHandler' driver.
WARNING - 2026-07-14 01:33:32 --> [DEPRECATED] explode(): Passing null to parameter #2 ($string) of type string is deprecated in APPPATH/Views/home/view_job.php on line 1779.
 1 APPPATH/Views/home/view_job.php(1779): explode(' ', null)
 2 SYSTEMPATH/View/View.php(226): include('/home/jobbcfsf/public_html/app/Views/home/view_job.php')
 3 SYSTEMPATH/View/View.php(229): CodeIgniter\View\View->{closure:CodeIgniter\View\View::render():223}()
 4 SYSTEMPATH/Common.php(1167): CodeIgniter\View\View->render('home/view_job', [], true)
 5 APPPATH/Controllers/Home.php(1071): view('home/view_job', [...])
 6 SYSTEMPATH/CodeIgniter.php(933): App\Controllers\Home->view_job('we-are-hiring-hrpeople-operations-manager-lagos')
 7 SYSTEMPATH/CodeIgniter.php(507): CodeIgniter\CodeIgniter->runController(Object(App\Controllers\Home))
 8 SYSTEMPATH/CodeIgniter.php(354): CodeIgniter\CodeIgniter->handleRequest(null, Object(Config\Cache), false)
 9 SYSTEMPATH/Boot.php(363): CodeIgniter\CodeIgniter->run()
10 SYSTEMPATH/Boot.php(68): CodeIgniter\Boot::runCodeIgniter(Object(CodeIgniter\CodeIgniter))
11 FCPATH/index.php(59): CodeIgniter\Boot::bootWeb(Object(Config\Paths))
CRITICAL - 2026-07-14 01:33:32 --> TypeError: number_format(): Argument #1 ($num) must be of type int|float, string given
[Method: GET, Route: jobs/we-are-hiring-hrpeople-operations-manager-lagos]
in APPPATH/Views/home/view_job.php on line 1817.
 1 APPPATH/Views/home/view_job.php(1817): number_format()
 2 SYSTEMPATH/View/View.php(226): include('/home/jobbcfsf/public_html/app/Views/home/view_job.php')
 3 SYSTEMPATH/View/View.php(229): CodeIgniter\View\View->{closure:CodeIgniter\View\View::render():223}()
 4 SYSTEMPATH/Common.php(1167): CodeIgniter\View\View->render()
 5 APPPATH/Controllers/Home.php(1071): view()
 6 SYSTEMPATH/CodeIgniter.php(933): App\Controllers\Home->view_job()
 7 SYSTEMPATH/CodeIgniter.php(507): CodeIgniter\CodeIgniter->runController()
 8 SYSTEMPATH/CodeIgniter.php(354): CodeIgniter\CodeIgniter->handleRequest()
 9 SYSTEMPATH/Boot.php(363): CodeIgniter\CodeIgniter->run()
10 SYSTEMPATH/Boot.php(68): CodeIgniter\Boot::runCodeIgniter()
11 FCPATH/index.php(59): CodeIgniter\Boot::bootWeb()
DEBUG - 2026-07-14 01:34:58 --> Session: Class initialized using 'CodeIgniter\Session\Handlers\FileHandler' driver.
DEBUG - 2026-07-14 01:35:11 --> Session: Class initialized using 'CodeIgniter\Session\Handlers\FileHandler' driver.
DEBUG - 2026-07-14 01:35:54 --> Session: Class initialized using 'CodeIgniter\Session\Handlers\FileHandler' driver.
DEBUG - 2026-07-14 01:35:58 --> Session: Class initialized using 'CodeIgniter\Session\Handlers\FileHandler' driver.
DEBUG - 2026-07-14 01:35:59 --> Session: Class initialized using 'CodeIgniter\Session\Handlers\FileHandler' driver.
DEBUG - 2026-07-14 01:36:21 --> Session: Class initialized using 'CodeIgniter\Session\Handlers\FileHandler' driver.
DEBUG - 2026-07-14 01:37:45 --> Session: Class initialized using 'CodeIgniter\Session\Handlers\FileHandler' driver.
DEBUG - 2026-07-14 01:38:47 --> Session: Class initialized using 'CodeIgniter\Session\Handlers\FileHandler' driver.
DEBUG - 2026-07-14 01:39:08 --> Session: Class initialized using 'CodeIgniter\Session\Handlers\FileHandler' driver.
DEBUG - 2026-07-14 01:40:32 --> Session: Class initialized using 'CodeIgniter\Session\Handlers\FileHandler' driver.
DEBUG - 2026-07-14 01:41:56 --> Session: Class initialized using 'CodeIgniter\Session\Handlers\FileHandler' driver.
DEBUG - 2026-07-14 01:42:53 --> Session: Class initialized using 'CodeIgniter\Session\Handlers\FileHandler' driver.
DEBUG - 2026-07-14 01:43:18 --> Session: Class initialized using 'CodeIgniter\Session\Handlers\FileHandler' driver.
DEBUG - 2026-07-14 01:44:42 --> Session: Class initialized using 'CodeIgniter\Session\Handlers\FileHandler' driver.
DEBUG - 2026-07-14 01:46:05 --> Session: Class initialized using 'CodeIgniter\Session\Handlers\FileHandler' driver.
DEBUG - 2026-07-14 01:46:21 --> Session: Class initialized using 'CodeIgniter\Session\Handlers\FileHandler' driver.
DEBUG - 2026-07-14 01:48:44 --> Session: Class initialized using 'CodeIgniter\Session\Handlers\FileHandler' driver.
DEBUG - 2026-07-14 01:49:24 --> Session: Class initialized using 'CodeIgniter\Session\Handlers\FileHandler' driver.
DEBUG - 2026-07-14 01:50:24 --> Session: Class initialized using 'CodeIgniter\Session\Handlers\FileHandler' driver.
DEBUG - 2026-07-14 01:51:45 --> Session: Class initialized using 'CodeIgniter\Session\Handlers\FileHandler' driver.
DEBUG - 2026-07-14 01:53:08 --> Session: Class initialized using 'CodeIgniter\Session\Handlers\FileHandler' driver.
DEBUG - 2026-07-14 01:54:32 --> Session: Class initialized using 'CodeIgniter\Session\Handlers\FileHandler' driver.
DEBUG - 2026-07-14 01:55:11 --> Session: Class initialized using 'CodeIgniter\Session\Handlers\FileHandler' driver.
DEBUG - 2026-07-14 01:55:20 --> Session: Class initialized using 'CodeIgniter\Session\Handlers\FileHandler' driver.
DEBUG - 2026-07-14 01:55:32 --> Session: Class initialized using 'CodeIgniter\Session\Handlers\FileHandler' driver.
WARNING - 2026-07-14 01:55:32 --> [DEPRECATED] explode(): Passing null to parameter #2 ($string) of type string is deprecated in APPPATH/Views/home/view_job.php on line 1779.
 1 APPPATH/Views/home/view_job.php(1779): explode(' ', null)
 2 SYSTEMPATH/View/View.php(226): include('/home/jobbcfsf/public_html/app/Views/home/view_job.php')
 3 SYSTEMPATH/View/View.php(229): CodeIgniter\View\View->{closure:CodeIgniter\View\View::render():223}()
 4 SYSTEMPATH/Common.php(1167): CodeIgniter\View\View->render('home/view_job', [], true)
 5 APPPATH/Controllers/Home.php(1071): view('home/view_job', [...])
 6 SYSTEMPATH/CodeIgniter.php(933): App\Controllers\Home->view_job('multiple-vacancies-renaissance-africa-energy-company-finance-hr-supply-chai')
 7 SYSTEMPATH/CodeIgniter.php(507): CodeIgniter\CodeIgniter->runController(Object(App\Controllers\Home))
 8 SYSTEMPATH/CodeIgniter.php(354): CodeIgniter\CodeIgniter->handleRequest(null, Object(Config\Cache), false)
 9 SYSTEMPATH/Boot.php(363): CodeIgniter\CodeIgniter->run()
10 SYSTEMPATH/Boot.php(68): CodeIgniter\Boot::runCodeIgniter(Object(CodeIgniter\CodeIgniter))
11 FCPATH/index.php(59): CodeIgniter\Boot::bootWeb(Object(Config\Paths))
DEBUG - 2026-07-14 01:55:55 --> Session: Class initialized using 'CodeIgniter\Session\Handlers\FileHandler' driver.
DEBUG - 2026-07-14 01:56:14 --> Session: Class initialized using 'CodeIgniter\Session\Handlers\FileHandler' driver.
DEBUG - 2026-07-14 01:57:18 --> Session: Class initialized using 'CodeIgniter\Session\Handlers\FileHandler' driver.
DEBUG - 2026-07-14 01:58:42 --> Session: Class initialized using 'CodeIgniter\Session\Handlers\FileHandler' driver.
DEBUG - 2026-07-14 02:00:06 --> Session: Class initialized using 'CodeIgniter\Session\Handlers\FileHandler' driver.
DEBUG - 2026-07-14 02:01:29 --> Session: Class initialized using 'CodeIgniter\Session\Handlers\FileHandler' driver.
DEBUG - 2026-07-14 02:02:53 --> Session: Class initialized using 'CodeIgniter\Session\Handlers\FileHandler' driver.
DEBUG - 2026-07-14 02:04:16 --> Session: Class initialized using 'CodeIgniter\Session\Handlers\FileHandler' driver.
DEBUG - 2026-07-14 02:05:40 --> Session: Class initialized using 'CodeIgniter\Session\Handlers\FileHandler' driver.
DEBUG - 2026-07-14 02:07:04 --> Session: Class initialized using 'CodeIgniter\Session\Handlers\FileHandler' driver.
DEBUG - 2026-07-14 02:08:27 --> Session: Class initialized using 'CodeIgniter\Session\Handlers\FileHandler' driver.
DEBUG - 2026-07-14 02:09:51 --> Session: Class initialized using 'CodeIgniter\Session\Handlers\FileHandler' driver.
DEBUG - 2026-07-14 02:11:14 --> Session: Class initialized using 'CodeIgniter\Session\Handlers\FileHandler' driver.
DEBUG - 2026-07-14 02:12:24 --> Session: Class initialized using 'CodeIgniter\Session\Handlers\FileHandler' driver.
DEBUG - 2026-07-14 02:27:18 --> Session: Class initialized using 'CodeIgniter\Session\Handlers\FileHandler' driver.
DEBUG - 2026-07-14 02:31:48 --> Session: Class initialized using 'CodeIgniter\Session\Handlers\FileHandler' driver.
DEBUG - 2026-07-14 02:35:42 --> Session: Class initialized using 'CodeIgniter\Session\Handlers\FileHandler' driver.
DEBUG - 2026-07-14 02:37:26 --> Session: Class initialized using 'CodeIgniter\Session\Handlers\FileHandler' driver.
DEBUG - 2026-07-14 02:37:28 --> Session: Class initialized using 'CodeIgniter\Session\Handlers\FileHandler' driver.
DEBUG - 2026-07-14 02:40:08 --> Session: Class initialized using 'CodeIgniter\Session\Handlers\FileHandler' driver.
DEBUG - 2026-07-14 02:40:38 --> Session: Class initialized using 'CodeIgniter\Session\Handlers\FileHandler' driver.
DEBUG - 2026-07-14 02:41:24 --> Session: Class initialized using 'CodeIgniter\Session\Handlers\FileHandler' driver.
DEBUG - 2026-07-14 02:43:06 --> Session: Class initialized using 'CodeIgniter\Session\Handlers\FileHandler' driver.
DEBUG - 2026-07-14 02:48:28 --> Session: Class initialized using 'CodeIgniter\Session\Handlers\FileHandler' driver.
DEBUG - 2026-07-14 02:49:25 --> Session: Class initialized using 'CodeIgniter\Session\Handlers\FileHandler' driver.
DEBUG - 2026-07-14 02:49:27 --> Session: Class initialized using 'CodeIgniter\Session\Handlers\FileHandler' driver.
DEBUG - 2026-07-14 02:52:33 --> Session: Class initialized using 'CodeIgniter\Session\Handlers\FileHandler' driver.
DEBUG - 2026-07-14 02:52:34 --> Session: Class initialized using 'CodeIgniter\Session\Handlers\FileHandler' driver.
DEBUG - 2026-07-14 02:54:02 --> Session: Class initialized using 'CodeIgniter\Session\Handlers\FileHandler' driver.
DEBUG - 2026-07-14 02:55:34 --> Session: Class initialized using 'CodeIgniter\Session\Handlers\FileHandler' driver.
DEBUG - 2026-07-14 03:14:15 --> Session: Class initialized using 'CodeIgniter\Session\Handlers\FileHandler' driver.
DEBUG - 2026-07-14 03:14:17 --> Session: Class initialized using 'CodeIgniter\Session\Handlers\FileHandler' driver.
DEBUG - 2026-07-14 03:14:23 --> Session: Class initialized using 'CodeIgniter\Session\Handlers\FileHandler' driver.
DEBUG - 2026-07-14 03:21:13 --> Session: Class initialized using 'CodeIgniter\Session\Handlers\FileHandler' driver.
DEBUG - 2026-07-14 03:27:57 --> Session: Class initialized using 'CodeIgniter\Session\Handlers\FileHandler' driver.
DEBUG - 2026-07-14 03:33:34 --> Session: Class initialized using 'CodeIgniter\Session\Handlers\FileHandler' driver.
DEBUG - 2026-07-14 03:33:35 --> Session: Class initialized using 'CodeIgniter\Session\Handlers\FileHandler' driver.
DEBUG - 2026-07-14 03:42:03 --> Session: Class initialized using 'CodeIgniter\Session\Handlers\FileHandler' driver.
DEBUG - 2026-07-14 03:47:05 --> Session: Class initialized using 'CodeIgniter\Session\Handlers\FileHandler' driver.
DEBUG - 2026-07-14 03:47:51 --> Session: Class initialized using 'CodeIgniter\Session\Handlers\FileHandler' driver.
DEBUG - 2026-07-14 03:48:28 --> Session: Class initialized using 'CodeIgniter\Session\Handlers\FileHandler' driver.
DEBUG - 2026-07-14 03:49:53 --> Session: Class initialized using 'CodeIgniter\Session\Handlers\FileHandler' driver.
DEBUG - 2026-07-14 03:51:15 --> Session: Class initialized using 'CodeIgniter\Session\Handlers\FileHandler' driver.
DEBUG - 2026-07-14 03:51:29 --> Session: Class initialized using 'CodeIgniter\Session\Handlers\FileHandler' driver.
DEBUG - 2026-07-14 03:51:48 --> Session: Class initialized using 'CodeIgniter\Session\Handlers\FileHandler' driver.
DEBUG - 2026-07-14 03:52:39 --> Session: Class initialized using 'CodeIgniter\Session\Handlers\FileHandler' driver.
DEBUG - 2026-07-14 03:54:00 --> Session: Class initialized using 'CodeIgniter\Session\Handlers\FileHandler' driver.
DEBUG - 2026-07-14 03:55:19 --> Session: Class initialized using 'CodeIgniter\Session\Handlers\FileHandler' driver.
DEBUG - 2026-07-14 03:56:09 --> Session: Class initialized using 'CodeIgniter\Session\Handlers\FileHandler' driver.
DEBUG - 2026-07-14 04:05:18 --> Session: Class initialized using 'CodeIgniter\Session\Handlers\FileHandler' driver.
DEBUG - 2026-07-14 04:06:41 --> Session: Class initialized using 'CodeIgniter\Session\Handlers\FileHandler' driver.
DEBUG - 2026-07-14 04:08:24 --> Session: Class initialized using 'CodeIgniter\Session\Handlers\FileHandler' driver.
DEBUG - 2026-07-14 04:09:28 --> Session: Class initialized using 'CodeIgniter\Session\Handlers\FileHandler' driver.
DEBUG - 2026-07-14 04:13:31 --> Session: Class initialized using 'CodeIgniter\Session\Handlers\FileHandler' driver.
DEBUG - 2026-07-14 04:14:00 --> Session: Class initialized using 'CodeIgniter\Session\Handlers\FileHandler' driver.
DEBUG - 2026-07-14 04:14:00 --> Session: Class initialized using 'CodeIgniter\Session\Handlers\FileHandler' driver.
DEBUG - 2026-07-14 04:21:40 --> Session: Class initialized using 'CodeIgniter\Session\Handlers\FileHandler' driver.
DEBUG - 2026-07-14 04:23:04 --> Session: Class initialized using 'CodeIgniter\Session\Handlers\FileHandler' driver.
DEBUG - 2026-07-14 04:23:28 --> Session: Class initialized using 'CodeIgniter\Session\Handlers\FileHandler' driver.
WARNING - 2026-07-14 04:23:28 --> [DEPRECATED] explode(): Passing null to parameter #2 ($string) of type string is deprecated in APPPATH/Views/home/view_job.php on line 1779.
 1 APPPATH/Views/home/view_job.php(1779): explode(' ', null)
 2 SYSTEMPATH/View/View.php(226): include('/home/jobbcfsf/public_html/app/Views/home/view_job.php')
 3 SYSTEMPATH/View/View.php(229): CodeIgniter\View\View->{closure:CodeIgniter\View\View::render():223}()
 4 SYSTEMPATH/Common.php(1167): CodeIgniter\View\View->render('home/view_job', [], true)
 5 APPPATH/Controllers/Home.php(1071): view('home/view_job', [...])
 6 SYSTEMPATH/CodeIgniter.php(933): App\Controllers\Home->view_job('we-are-hiring-hrpeople-operations-manager-lagos')
 7 SYSTEMPATH/CodeIgniter.php(507): CodeIgniter\CodeIgniter->runController(Object(App\Controllers\Home))
 8 SYSTEMPATH/CodeIgniter.php(354): CodeIgniter\CodeIgniter->handleRequest(null, Object(Config\Cache), false)
 9 SYSTEMPATH/Boot.php(363): CodeIgniter\CodeIgniter->run()
10 SYSTEMPATH/Boot.php(68): CodeIgniter\Boot::runCodeIgniter(Object(CodeIgniter\CodeIgniter))
11 FCPATH/index.php(59): CodeIgniter\Boot::bootWeb(Object(Config\Paths))
CRITICAL - 2026-07-14 04:23:28 --> TypeError: number_format(): Argument #1 ($num) must be of type int|float, string given
[Method: GET, Route: jobs/we-are-hiring-hrpeople-operations-manager-lagos]
in APPPATH/Views/home/view_job.php on line 1817.
 1 APPPATH/Views/home/view_job.php(1817): number_format()
 2 SYSTEMPATH/View/View.php(226): include('/home/jobbcfsf/public_html/app/Views/home/view_job.php')
 3 SYSTEMPATH/View/View.php(229): CodeIgniter\View\View->{closure:CodeIgniter\View\View::render():223}()
 4 SYSTEMPATH/Common.php(1167): CodeIgniter\View\View->render()
 5 APPPATH/Controllers/Home.php(1071): view()
 6 SYSTEMPATH/CodeIgniter.php(933): App\Controllers\Home->view_job()
 7 SYSTEMPATH/CodeIgniter.php(507): CodeIgniter\CodeIgniter->runController()
 8 SYSTEMPATH/CodeIgniter.php(354): CodeIgniter\CodeIgniter->handleRequest()
 9 SYSTEMPATH/Boot.php(363): CodeIgniter\CodeIgniter->run()
10 SYSTEMPATH/Boot.php(68): CodeIgniter\Boot::runCodeIgniter()
11 FCPATH/index.php(59): CodeIgniter\Boot::bootWeb()
DEBUG - 2026-07-14 04:24:26 --> Session: Class initialized using 'CodeIgniter\Session\Handlers\FileHandler' driver.
DEBUG - 2026-07-14 04:25:31 --> Session: Class initialized using 'CodeIgniter\Session\Handlers\FileHandler' driver.
DEBUG - 2026-07-14 04:25:50 --> Session: Class initialized using 'CodeIgniter\Session\Handlers\FileHandler' driver.
DEBUG - 2026-07-14 04:27:15 --> Session: Class initialized using 'CodeIgniter\Session\Handlers\FileHandler' driver.
DEBUG - 2026-07-14 04:28:39 --> Session: Class initialized using 'CodeIgniter\Session\Handlers\FileHandler' driver.
DEBUG - 2026-07-14 04:30:07 --> Session: Class initialized using 'CodeIgniter\Session\Handlers\FileHandler' driver.
DEBUG - 2026-07-14 04:30:32 --> Session: Class initialized using 'CodeIgniter\Session\Handlers\FileHandler' driver.
DEBUG - 2026-07-14 04:31:25 --> Session: Class initialized using 'CodeIgniter\Session\Handlers\FileHandler' driver.
DEBUG - 2026-07-14 04:32:48 --> Session: Class initialized using 'CodeIgniter\Session\Handlers\FileHandler' driver.
DEBUG - 2026-07-14 04:33:00 --> Session: Class initialized using 'CodeIgniter\Session\Handlers\FileHandler' driver.
WARNING - 2026-07-14 04:33:00 --> [DEPRECATED] explode(): Passing null to parameter #2 ($string) of type string is deprecated in APPPATH/Views/home/view_job.php on line 1779.
 1 APPPATH/Views/home/view_job.php(1779): explode(' ', null)
 2 SYSTEMPATH/View/View.php(226): include('/home/jobbcfsf/public_html/app/Views/home/view_job.php')
 3 SYSTEMPATH/View/View.php(229): CodeIgniter\View\View->{closure:CodeIgniter\View\View::render():223}()
 4 SYSTEMPATH/Common.php(1167): CodeIgniter\View\View->render('home/view_job', [], true)
 5 APPPATH/Controllers/Home.php(1071): view('home/view_job', [...])
 6 SYSTEMPATH/CodeIgniter.php(933): App\Controllers\Home->view_job('we-are-hiring-hrpeople-operations-manager-lagos')
 7 SYSTEMPATH/CodeIgniter.php(507): CodeIgniter\CodeIgniter->runController(Object(App\Controllers\Home))
 8 SYSTEMPATH/CodeIgniter.php(354): CodeIgniter\CodeIgniter->handleRequest(null, Object(Config\Cache), false)
 9 SYSTEMPATH/Boot.php(363): CodeIgniter\CodeIgniter->run()
10 SYSTEMPATH/Boot.php(68): CodeIgniter\Boot::runCodeIgniter(Object(CodeIgniter\CodeIgniter))
11 FCPATH/index.php(59): CodeIgniter\Boot::bootWeb(Object(Config\Paths))
CRITICAL - 2026-07-14 04:33:00 --> TypeError: number_format(): Argument #1 ($num) must be of type int|float, string given
[Method: GET, Route: jobs/we-are-hiring-hrpeople-operations-manager-lagos]
in APPPATH/Views/home/view_job.php on line 1817.
 1 APPPATH/Views/home/view_job.php(1817): number_format()
 2 SYSTEMPATH/View/View.php(226): include('/home/jobbcfsf/public_html/app/Views/home/view_job.php')
 3 SYSTEMPATH/View/View.php(229): CodeIgniter\View\View->{closure:CodeIgniter\View\View::render():223}()
 4 SYSTEMPATH/Common.php(1167): CodeIgniter\View\View->render()
 5 APPPATH/Controllers/Home.php(1071): view()
 6 SYSTEMPATH/CodeIgniter.php(933): App\Controllers\Home->view_job()
 7 SYSTEMPATH/CodeIgniter.php(507): CodeIgniter\CodeIgniter->runController()
 8 SYSTEMPATH/CodeIgniter.php(354): CodeIgniter\CodeIgniter->handleRequest()
 9 SYSTEMPATH/Boot.php(363): CodeIgniter\CodeIgniter->run()
10 SYSTEMPATH/Boot.php(68): CodeIgniter\Boot::runCodeIgniter()
11 FCPATH/index.php(59): CodeIgniter\Boot::bootWeb()
DEBUG - 2026-07-14 04:34:12 --> Session: Class initialized using 'CodeIgniter\Session\Handlers\FileHandler' driver.
DEBUG - 2026-07-14 04:35:36 --> Session: Class initialized using 'CodeIgniter\Session\Handlers\FileHandler' driver.
DEBUG - 2026-07-14 04:37:00 --> Session: Class initialized using 'CodeIgniter\Session\Handlers\FileHandler' driver.
DEBUG - 2026-07-14 04:38:23 --> Session: Class initialized using 'CodeIgniter\Session\Handlers\FileHandler' driver.
DEBUG - 2026-07-14 04:39:48 --> Session: Class initialized using 'CodeIgniter\Session\Handlers\FileHandler' driver.
DEBUG - 2026-07-14 04:41:27 --> Session: Class initialized using 'CodeIgniter\Session\Handlers\FileHandler' driver.
DEBUG - 2026-07-14 04:42:35 --> Session: Class initialized using 'CodeIgniter\Session\Handlers\FileHandler' driver.
DEBUG - 2026-07-14 04:43:58 --> Session: Class initialized using 'CodeIgniter\Session\Handlers\FileHandler' driver.
DEBUG - 2026-07-14 04:45:21 --> Session: Class initialized using 'CodeIgniter\Session\Handlers\FileHandler' driver.
DEBUG - 2026-07-14 04:46:46 --> Session: Class initialized using 'CodeIgniter\Session\Handlers\FileHandler' driver.
DEBUG - 2026-07-14 04:48:10 --> Session: Class initialized using 'CodeIgniter\Session\Handlers\FileHandler' driver.
DEBUG - 2026-07-14 04:49:31 --> Session: Class initialized using 'CodeIgniter\Session\Handlers\FileHandler' driver.
DEBUG - 2026-07-14 04:50:57 --> Session: Class initialized using 'CodeIgniter\Session\Handlers\FileHandler' driver.
DEBUG - 2026-07-14 04:52:19 --> Session: Class initialized using 'CodeIgniter\Session\Handlers\FileHandler' driver.
DEBUG - 2026-07-14 04:53:43 --> Session: Class initialized using 'CodeIgniter\Session\Handlers\FileHandler' driver.
DEBUG - 2026-07-14 04:55:07 --> Session: Class initialized using 'CodeIgniter\Session\Handlers\FileHandler' driver.
DEBUG - 2026-07-14 04:55:49 --> Session: Class initialized using 'CodeIgniter\Session\Handlers\FileHandler' driver.
WARNING - 2026-07-14 04:55:49 --> [DEPRECATED] explode(): Passing null to parameter #2 ($string) of type string is deprecated in APPPATH/Views/home/view_job.php on line 1779.
 1 APPPATH/Views/home/view_job.php(1779): explode(' ', null)
 2 SYSTEMPATH/View/View.php(226): include('/home/jobbcfsf/public_html/app/Views/home/view_job.php')
 3 SYSTEMPATH/View/View.php(229): CodeIgniter\View\View->{closure:CodeIgniter\View\View::render():223}()
 4 SYSTEMPATH/Common.php(1167): CodeIgniter\View\View->render('home/view_job', [], true)
 5 APPPATH/Controllers/Home.php(1071): view('home/view_job', [...])
 6 SYSTEMPATH/CodeIgniter.php(933): App\Controllers\Home->view_job('2026-ap-graduate-trainee-programme-graduate-jobs-nigeria-lagos')
 7 SYSTEMPATH/CodeIgniter.php(507): CodeIgniter\CodeIgniter->runController(Object(App\Controllers\Home))
 8 SYSTEMPATH/CodeIgniter.php(354): CodeIgniter\CodeIgniter->handleRequest(null, Object(Config\Cache), false)
 9 SYSTEMPATH/Boot.php(363): CodeIgniter\CodeIgniter->run()
10 SYSTEMPATH/Boot.php(68): CodeIgniter\Boot::runCodeIgniter(Object(CodeIgniter\CodeIgniter))
11 FCPATH/index.php(59): CodeIgniter\Boot::bootWeb(Object(Config\Paths))
DEBUG - 2026-07-14 04:55:50 --> Session: Class initialized using 'CodeIgniter\Session\Handlers\FileHandler' driver.
DEBUG - 2026-07-14 04:55:52 --> Session: Class initialized using 'CodeIgniter\Session\Handlers\FileHandler' driver.
DEBUG - 2026-07-14 04:56:30 --> Session: Class initialized using 'CodeIgniter\Session\Handlers\FileHandler' driver.
DEBUG - 2026-07-14 04:56:52 --> Session: Class initialized using 'CodeIgniter\Session\Handlers\FileHandler' driver.
DEBUG - 2026-07-14 04:57:54 --> Session: Class initialized using 'CodeIgniter\Session\Handlers\FileHandler' driver.
DEBUG - 2026-07-14 04:59:17 --> Session: Class initialized using 'CodeIgniter\Session\Handlers\FileHandler' driver.
DEBUG - 2026-07-14 05:00:41 --> Session: Class initialized using 'CodeIgniter\Session\Handlers\FileHandler' driver.
DEBUG - 2026-07-14 05:02:04 --> Session: Class initialized using 'CodeIgniter\Session\Handlers\FileHandler' driver.
DEBUG - 2026-07-14 05:15:07 --> Session: Class initialized using 'CodeIgniter\Session\Handlers\FileHandler' driver.
DEBUG - 2026-07-14 05:15:37 --> Session: Class initialized using 'CodeIgniter\Session\Handlers\FileHandler' driver.
DEBUG - 2026-07-14 05:16:21 --> Session: Class initialized using 'CodeIgniter\Session\Handlers\FileHandler' driver.
DEBUG - 2026-07-14 05:16:28 --> Session: Class initialized using 'CodeIgniter\Session\Handlers\FileHandler' driver.
DEBUG - 2026-07-14 05:17:52 --> Session: Class initialized using 'CodeIgniter\Session\Handlers\FileHandler' driver.
DEBUG - 2026-07-14 05:18:15 --> Session: Class initialized using 'CodeIgniter\Session\Handlers\FileHandler' driver.
DEBUG - 2026-07-14 05:19:03 --> Session: Class initialized using 'CodeIgniter\Session\Handlers\FileHandler' driver.
DEBUG - 2026-07-14 05:19:15 --> Session: Class initialized using 'CodeIgniter\Session\Handlers\FileHandler' driver.
DEBUG - 2026-07-14 05:19:30 --> Session: Class initialized using 'CodeIgniter\Session\Handlers\FileHandler' driver.
DEBUG - 2026-07-14 05:20:39 --> Session: Class initialized using 'CodeIgniter\Session\Handlers\FileHandler' driver.
DEBUG - 2026-07-14 05:22:02 --> Session: Class initialized using 'CodeIgniter\Session\Handlers\FileHandler' driver.
DEBUG - 2026-07-14 05:22:43 --> Session: Class initialized using 'CodeIgniter\Session\Handlers\FileHandler' driver.
DEBUG - 2026-07-14 05:23:25 --> Session: Class initialized using 'CodeIgniter\Session\Handlers\FileHandler' driver.
DEBUG - 2026-07-14 05:23:53 --> Session: Class initialized using 'CodeIgniter\Session\Handlers\FileHandler' driver.
DEBUG - 2026-07-14 05:24:13 --> Session: Class initialized using 'CodeIgniter\Session\Handlers\FileHandler' driver.
DEBUG - 2026-07-14 05:29:22 --> Session: Class initialized using 'CodeIgniter\Session\Handlers\FileHandler' driver.
DEBUG - 2026-07-14 05:30:50 --> Session: Class initialized using 'CodeIgniter\Session\Handlers\FileHandler' driver.
DEBUG - 2026-07-14 05:31:56 --> Session: Class initialized using 'CodeIgniter\Session\Handlers\FileHandler' driver.
DEBUG - 2026-07-14 05:32:10 --> Session: Class initialized using 'CodeIgniter\Session\Handlers\FileHandler' driver.
DEBUG - 2026-07-14 05:32:14 --> Session: Class initialized using 'CodeIgniter\Session\Handlers\FileHandler' driver.
DEBUG - 2026-07-14 05:33:37 --> Session: Class initialized using 'CodeIgniter\Session\Handlers\FileHandler' driver.
DEBUG - 2026-07-14 05:35:00 --> Session: Class initialized using 'CodeIgniter\Session\Handlers\FileHandler' driver.
DEBUG - 2026-07-14 05:36:24 --> Session: Class initialized using 'CodeIgniter\Session\Handlers\FileHandler' driver.
DEBUG - 2026-07-14 05:37:47 --> Session: Class initialized using 'CodeIgniter\Session\Handlers\FileHandler' driver.
DEBUG - 2026-07-14 05:39:11 --> Session: Class initialized using 'CodeIgniter\Session\Handlers\FileHandler' driver.
DEBUG - 2026-07-14 05:39:32 --> Session: Class initialized using 'CodeIgniter\Session\Handlers\FileHandler' driver.
DEBUG - 2026-07-14 05:40:34 --> Session: Class initialized using 'CodeIgniter\Session\Handlers\FileHandler' driver.
DEBUG - 2026-07-14 05:41:57 --> Session: Class initialized using 'CodeIgniter\Session\Handlers\FileHandler' driver.
DEBUG - 2026-07-14 05:41:58 --> Session: Class initialized using 'CodeIgniter\Session\Handlers\FileHandler' driver.
DEBUG - 2026-07-14 05:43:21 --> Session: Class initialized using 'CodeIgniter\Session\Handlers\FileHandler' driver.
DEBUG - 2026-07-14 05:44:45 --> Session: Class initialized using 'CodeIgniter\Session\Handlers\FileHandler' driver.
DEBUG - 2026-07-14 05:44:56 --> Session: Class initialized using 'CodeIgniter\Session\Handlers\FileHandler' driver.
DEBUG - 2026-07-14 05:46:08 --> Session: Class initialized using 'CodeIgniter\Session\Handlers\FileHandler' driver.
DEBUG - 2026-07-14 05:47:18 --> Session: Class initialized using 'CodeIgniter\Session\Handlers\FileHandler' driver.
DEBUG - 2026-07-14 05:47:18 --> Session: Class initialized using 'CodeIgniter\Session\Handlers\FileHandler' driver.
DEBUG - 2026-07-14 05:47:19 --> Session: Class initialized using 'CodeIgniter\Session\Handlers\FileHandler' driver.
DEBUG - 2026-07-14 05:49:51 --> Session: Class initialized using 'CodeIgniter\Session\Handlers\FileHandler' driver.
DEBUG - 2026-07-14 05:59:18 --> Session: Class initialized using 'CodeIgniter\Session\Handlers\FileHandler' driver.
DEBUG - 2026-07-14 06:01:59 --> Session: Class initialized using 'CodeIgniter\Session\Handlers\FileHandler' driver.
DEBUG - 2026-07-14 06:02:36 --> Session: Class initialized using 'CodeIgniter\Session\Handlers\FileHandler' driver.
DEBUG - 2026-07-14 06:08:02 --> Session: Class initialized using 'CodeIgniter\Session\Handlers\FileHandler' driver.
DEBUG - 2026-07-14 06:08:02 --> Session: Class initialized using 'CodeIgniter\Session\Handlers\FileHandler' driver.
DEBUG - 2026-07-14 06:08:32 --> Session: Class initialized using 'CodeIgniter\Session\Handlers\FileHandler' driver.
DEBUG - 2026-07-14 06:08:48 --> Session: Class initialized using 'CodeIgniter\Session\Handlers\FileHandler' driver.
DEBUG - 2026-07-14 06:08:51 --> Session: Class initialized using 'CodeIgniter\Session\Handlers\FileHandler' driver.
DEBUG - 2026-07-14 06:08:53 --> Session: Class initialized using 'CodeIgniter\Session\Handlers\FileHandler' driver.
WARNING - 2026-07-14 06:08:53 --> [DEPRECATED] explode(): Passing null to parameter #2 ($string) of type string is deprecated in APPPATH/Views/home/view_job.php on line 1779.
 1 APPPATH/Views/home/view_job.php(1779): explode(' ', null)
 2 SYSTEMPATH/View/View.php(226): include('/home/jobbcfsf/public_html/app/Views/home/view_job.php')
 3 SYSTEMPATH/View/View.php(229): CodeIgniter\View\View->{closure:CodeIgniter\View\View::render():223}()
 4 SYSTEMPATH/Common.php(1167): CodeIgniter\View\View->render('home/view_job', [], true)
 5 APPPATH/Controllers/Home.php(1071): view('home/view_job', [...])
 6 SYSTEMPATH/CodeIgniter.php(933): App\Controllers\Home->view_job('nigerian-agip-exploration-limited-nae-20262027-postgraduate-scholarship-awa')
 7 SYSTEMPATH/CodeIgniter.php(507): CodeIgniter\CodeIgniter->runController(Object(App\Controllers\Home))
 8 SYSTEMPATH/CodeIgniter.php(354): CodeIgniter\CodeIgniter->handleRequest(null, Object(Config\Cache), false)
 9 SYSTEMPATH/Boot.php(363): CodeIgniter\CodeIgniter->run()
10 SYSTEMPATH/Boot.php(68): CodeIgniter\Boot::runCodeIgniter(Object(CodeIgniter\CodeIgniter))
11 FCPATH/index.php(59): CodeIgniter\Boot::bootWeb(Object(Config\Paths))
WARNING - 2026-07-14 06:08:53 --> [DEPRECATED] explode(): Passing null to parameter #2 ($string) of type string is deprecated in APPPATH/Views/home/view_job.php on line 1779.
 1 APPPATH/Views/home/view_job.php(1779): explode(' ', null)
 2 SYSTEMPATH/View/View.php(226): include('/home/jobbcfsf/public_html/app/Views/home/view_job.php')
 3 SYSTEMPATH/View/View.php(229): CodeIgniter\View\View->{closure:CodeIgniter\View\View::render():223}()
 4 SYSTEMPATH/Common.php(1167): CodeIgniter\View\View->render('home/view_job', [], true)
 5 APPPATH/Controllers/Home.php(1071): view('home/view_job', [...])
 6 SYSTEMPATH/CodeIgniter.php(933): App\Controllers\Home->view_job('nigerian-agip-exploration-limited-nae-20262027-postgraduate-scholarship-awa')
 7 SYSTEMPATH/CodeIgniter.php(507): CodeIgniter\CodeIgniter->runController(Object(App\Controllers\Home))
 8 SYSTEMPATH/CodeIgniter.php(354): CodeIgniter\CodeIgniter->handleRequest(null, Object(Config\Cache), false)
 9 SYSTEMPATH/Boot.php(363): CodeIgniter\CodeIgniter->run()
10 SYSTEMPATH/Boot.php(68): CodeIgniter\Boot::runCodeIgniter(Object(CodeIgniter\CodeIgniter))
11 FCPATH/index.php(59): CodeIgniter\Boot::bootWeb(Object(Config\Paths))
DEBUG - 2026-07-14 06:09:56 --> Session: Class initialized using 'CodeIgniter\Session\Handlers\FileHandler' driver.
DEBUG - 2026-07-14 06:11:19 --> Session: Class initialized using 'CodeIgniter\Session\Handlers\FileHandler' driver.
DEBUG - 2026-07-14 06:12:43 --> Session: Class initialized using 'CodeIgniter\Session\Handlers\FileHandler' driver.
DEBUG - 2026-07-14 06:25:45 --> Session: Class initialized using 'CodeIgniter\Session\Handlers\FileHandler' driver.
DEBUG - 2026-07-14 06:27:29 --> Session: Class initialized using 'CodeIgniter\Session\Handlers\FileHandler' driver.
DEBUG - 2026-07-14 06:29:00 --> Session: Class initialized using 'CodeIgniter\Session\Handlers\FileHandler' driver.
DEBUG - 2026-07-14 06:29:49 --> Session: Class initialized using 'CodeIgniter\Session\Handlers\FileHandler' driver.
DEBUG - 2026-07-14 06:29:49 --> Session: Class initialized using 'CodeIgniter\Session\Handlers\FileHandler' driver.
DEBUG - 2026-07-14 06:29:50 --> Session: Class initialized using 'CodeIgniter\Session\Handlers\FileHandler' driver.
DEBUG - 2026-07-14 06:30:29 --> Session: Class initialized using 'CodeIgniter\Session\Handlers\FileHandler' driver.
DEBUG - 2026-07-14 06:31:44 --> Session: Class initialized using 'CodeIgniter\Session\Handlers\FileHandler' driver.
DEBUG - 2026-07-14 06:33:07 --> Session: Class initialized using 'CodeIgniter\Session\Handlers\FileHandler' driver.
DEBUG - 2026-07-14 06:34:32 --> Session: Class initialized using 'CodeIgniter\Session\Handlers\FileHandler' driver.
DEBUG - 2026-07-14 06:35:55 --> Session: Class initialized using 'CodeIgniter\Session\Handlers\FileHandler' driver.
DEBUG - 2026-07-14 06:37:21 --> Session: Class initialized using 'CodeIgniter\Session\Handlers\FileHandler' driver.
DEBUG - 2026-07-14 06:38:04 --> Session: Class initialized using 'CodeIgniter\Session\Handlers\FileHandler' driver.
DEBUG - 2026-07-14 06:38:40 --> Session: Class initialized using 'CodeIgniter\Session\Handlers\FileHandler' driver.
DEBUG - 2026-07-14 06:38:41 --> Session: Class initialized using 'CodeIgniter\Session\Handlers\FileHandler' driver.
DEBUG - 2026-07-14 06:40:03 --> Session: Class initialized using 'CodeIgniter\Session\Handlers\FileHandler' driver.
DEBUG - 2026-07-14 06:41:24 --> Session: Class initialized using 'CodeIgniter\Session\Handlers\FileHandler' driver.
DEBUG - 2026-07-14 06:42:48 --> Session: Class initialized using 'CodeIgniter\Session\Handlers\FileHandler' driver.
DEBUG - 2026-07-14 06:44:12 --> Session: Class initialized using 'CodeIgniter\Session\Handlers\FileHandler' driver.
DEBUG - 2026-07-14 06:45:38 --> Session: Class initialized using 'CodeIgniter\Session\Handlers\FileHandler' driver.
DEBUG - 2026-07-14 06:46:18 --> Session: Class initialized using 'CodeIgniter\Session\Handlers\FileHandler' driver.
DEBUG - 2026-07-14 06:47:00 --> Session: Class initialized using 'CodeIgniter\Session\Handlers\FileHandler' driver.
DEBUG - 2026-07-14 06:47:28 --> Session: Class initialized using 'CodeIgniter\Session\Handlers\FileHandler' driver.
DEBUG - 2026-07-14 06:47:31 --> Session: Class initialized using 'CodeIgniter\Session\Handlers\FileHandler' driver.
DEBUG - 2026-07-14 06:47:51 --> Session: Class initialized using 'CodeIgniter\Session\Handlers\FileHandler' driver.
DEBUG - 2026-07-14 06:48:23 --> Session: Class initialized using 'CodeIgniter\Session\Handlers\FileHandler' driver.
DEBUG - 2026-07-14 06:48:50 --> Session: Class initialized using 'CodeIgniter\Session\Handlers\FileHandler' driver.
DEBUG - 2026-07-14 06:49:46 --> Session: Class initialized using 'CodeIgniter\Session\Handlers\FileHandler' driver.
DEBUG - 2026-07-14 06:51:09 --> Session: Class initialized using 'CodeIgniter\Session\Handlers\FileHandler' driver.
DEBUG - 2026-07-14 06:51:56 --> Session: Class initialized using 'CodeIgniter\Session\Handlers\FileHandler' driver.
DEBUG - 2026-07-14 06:51:59 --> Session: Class initialized using 'CodeIgniter\Session\Handlers\FileHandler' driver.
DEBUG - 2026-07-14 06:52:00 --> Session: Class initialized using 'CodeIgniter\Session\Handlers\FileHandler' driver.
DEBUG - 2026-07-14 06:52:33 --> Session: Class initialized using 'CodeIgniter\Session\Handlers\FileHandler' driver.
DEBUG - 2026-07-14 06:54:27 --> Session: Class initialized using 'CodeIgniter\Session\Handlers\FileHandler' driver.
DEBUG - 2026-07-14 06:55:24 --> Session: Class initialized using 'CodeIgniter\Session\Handlers\FileHandler' driver.
DEBUG - 2026-07-14 06:56:47 --> Session: Class initialized using 'CodeIgniter\Session\Handlers\FileHandler' driver.
DEBUG - 2026-07-14 06:58:09 --> Session: Class initialized using 'CodeIgniter\Session\Handlers\FileHandler' driver.
DEBUG - 2026-07-14 06:59:31 --> Session: Class initialized using 'CodeIgniter\Session\Handlers\FileHandler' driver.
DEBUG - 2026-07-14 07:00:54 --> Session: Class initialized using 'CodeIgniter\Session\Handlers\FileHandler' driver.
DEBUG - 2026-07-14 07:02:18 --> Session: Class initialized using 'CodeIgniter\Session\Handlers\FileHandler' driver.
DEBUG - 2026-07-14 07:03:38 --> Session: Class initialized using 'CodeIgniter\Session\Handlers\FileHandler' driver.
DEBUG - 2026-07-14 07:03:41 --> Session: Class initialized using 'CodeIgniter\Session\Handlers\FileHandler' driver.
DEBUG - 2026-07-14 07:05:04 --> Session: Class initialized using 'CodeIgniter\Session\Handlers\FileHandler' driver.
DEBUG - 2026-07-14 07:05:32 --> Session: Class initialized using 'CodeIgniter\Session\Handlers\FileHandler' driver.
DEBUG - 2026-07-14 07:06:28 --> Session: Class initialized using 'CodeIgniter\Session\Handlers\FileHandler' driver.
DEBUG - 2026-07-14 07:07:52 --> Session: Class initialized using 'CodeIgniter\Session\Handlers\FileHandler' driver.
DEBUG - 2026-07-14 07:09:12 --> Session: Class initialized using 'CodeIgniter\Session\Handlers\FileHandler' driver.
DEBUG - 2026-07-14 07:09:21 --> Session: Class initialized using 'CodeIgniter\Session\Handlers\FileHandler' driver.
DEBUG - 2026-07-14 07:10:41 --> Session: Class initialized using 'CodeIgniter\Session\Handlers\FileHandler' driver.
DEBUG - 2026-07-14 07:12:04 --> Session: Class initialized using 'CodeIgniter\Session\Handlers\FileHandler' driver.
DEBUG - 2026-07-14 07:13:27 --> Session: Class initialized using 'CodeIgniter\Session\Handlers\FileHandler' driver.
DEBUG - 2026-07-14 07:14:44 --> Session: Class initialized using 'CodeIgniter\Session\Handlers\FileHandler' driver.
DEBUG - 2026-07-14 07:15:56 --> Session: Class initialized using 'CodeIgniter\Session\Handlers\FileHandler' driver.
DEBUG - 2026-07-14 07:19:27 --> Session: Class initialized using 'CodeIgniter\Session\Handlers\FileHandler' driver.
DEBUG - 2026-07-14 07:21:27 --> Session: Class initialized using 'CodeIgniter\Session\Handlers\FileHandler' driver.
DEBUG - 2026-07-14 07:22:25 --> Session: Class initialized using 'CodeIgniter\Session\Handlers\FileHandler' driver.
DEBUG - 2026-07-14 07:24:57 --> Session: Class initialized using 'CodeIgniter\Session\Handlers\FileHandler' driver.
DEBUG - 2026-07-14 07:28:02 --> Session: Class initialized using 'CodeIgniter\Session\Handlers\FileHandler' driver.
DEBUG - 2026-07-14 07:28:03 --> Session: Class initialized using 'CodeIgniter\Session\Handlers\FileHandler' driver.
DEBUG - 2026-07-14 07:31:28 --> Session: Class initialized using 'CodeIgniter\Session\Handlers\FileHandler' driver.
DEBUG - 2026-07-14 07:31:28 --> Session: Class initialized using 'CodeIgniter\Session\Handlers\FileHandler' driver.
WARNING - 2026-07-14 07:31:28 --> [DEPRECATED] explode(): Passing null to parameter #2 ($string) of type string is deprecated in APPPATH/Views/home/view_job.php on line 1779.
 1 APPPATH/Views/home/view_job.php(1779): explode(' ', null)
 2 SYSTEMPATH/View/View.php(226): include('/home/jobbcfsf/public_html/app/Views/home/view_job.php')
 3 SYSTEMPATH/View/View.php(229): CodeIgniter\View\View->{closure:CodeIgniter\View\View::render():223}()
 4 SYSTEMPATH/Common.php(1167): CodeIgniter\View\View->render('home/view_job', [], true)
 5 APPPATH/Controllers/Home.php(1071): view('home/view_job', [...])
 6 SYSTEMPATH/CodeIgniter.php(933): App\Controllers\Home->view_job('we-are-hiring-hrpeople-operations-manager-lagos')
 7 SYSTEMPATH/CodeIgniter.php(507): CodeIgniter\CodeIgniter->runController(Object(App\Controllers\Home))
 8 SYSTEMPATH/CodeIgniter.php(354): CodeIgniter\CodeIgniter->handleRequest(null, Object(Config\Cache), false)
 9 SYSTEMPATH/Boot.php(363): CodeIgniter\CodeIgniter->run()
10 SYSTEMPATH/Boot.php(68): CodeIgniter\Boot::runCodeIgniter(Object(CodeIgniter\CodeIgniter))
11 FCPATH/index.php(59): CodeIgniter\Boot::bootWeb(Object(Config\Paths))
CRITICAL - 2026-07-14 07:31:28 --> TypeError: number_format(): Argument #1 ($num) must be of type int|float, string given
[Method: GET, Route: jobs/we-are-hiring-hrpeople-operations-manager-lagos]
in APPPATH/Views/home/view_job.php on line 1817.
 1 APPPATH/Views/home/view_job.php(1817): number_format()
 2 SYSTEMPATH/View/View.php(226): include('/home/jobbcfsf/public_html/app/Views/home/view_job.php')
 3 SYSTEMPATH/View/View.php(229): CodeIgniter\View\View->{closure:CodeIgniter\View\View::render():223}()
 4 SYSTEMPATH/Common.php(1167): CodeIgniter\View\View->render()
 5 APPPATH/Controllers/Home.php(1071): view()
 6 SYSTEMPATH/CodeIgniter.php(933): App\Controllers\Home->view_job()
 7 SYSTEMPATH/CodeIgniter.php(507): CodeIgniter\CodeIgniter->runController()
 8 SYSTEMPATH/CodeIgniter.php(354): CodeIgniter\CodeIgniter->handleRequest()
 9 SYSTEMPATH/Boot.php(363): CodeIgniter\CodeIgniter->run()
10 SYSTEMPATH/Boot.php(68): CodeIgniter\Boot::runCodeIgniter()
11 FCPATH/index.php(59): CodeIgniter\Boot::bootWeb()
DEBUG - 2026-07-14 07:31:29 --> Session: Class initialized using 'CodeIgniter\Session\Handlers\FileHandler' driver.
WARNING - 2026-07-14 07:31:29 --> [DEPRECATED] explode(): Passing null to parameter #2 ($string) of type string is deprecated in APPPATH/Views/home/view_job.php on line 1779.
 1 APPPATH/Views/home/view_job.php(1779): explode(' ', null)
 2 SYSTEMPATH/View/View.php(226): include('/home/jobbcfsf/public_html/app/Views/home/view_job.php')
 3 SYSTEMPATH/View/View.php(229): CodeIgniter\View\View->{closure:CodeIgniter\View\View::render():223}()
 4 SYSTEMPATH/Common.php(1167): CodeIgniter\View\View->render('home/view_job', [], true)
 5 APPPATH/Controllers/Home.php(1071): view('home/view_job', [...])
 6 SYSTEMPATH/CodeIgniter.php(933): App\Controllers\Home->view_job('we-are-hiring-hrpeople-operations-manager-lagos')
 7 SYSTEMPATH/CodeIgniter.php(507): CodeIgniter\CodeIgniter->runController(Object(App\Controllers\Home))
 8 SYSTEMPATH/CodeIgniter.php(354): CodeIgniter\CodeIgniter->handleRequest(null, Object(Config\Cache), false)
 9 SYSTEMPATH/Boot.php(363): CodeIgniter\CodeIgniter->run()
10 SYSTEMPATH/Boot.php(68): CodeIgniter\Boot::runCodeIgniter(Object(CodeIgniter\CodeIgniter))
11 FCPATH/index.php(59): CodeIgniter\Boot::bootWeb(Object(Config\Paths))
CRITICAL - 2026-07-14 07:31:29 --> TypeError: number_format(): Argument #1 ($num) must be of type int|float, string given
[Method: GET, Route: jobs/we-are-hiring-hrpeople-operations-manager-lagos]
in APPPATH/Views/home/view_job.php on line 1817.
 1 APPPATH/Views/home/view_job.php(1817): number_format()
 2 SYSTEMPATH/View/View.php(226): include('/home/jobbcfsf/public_html/app/Views/home/view_job.php')
 3 SYSTEMPATH/View/View.php(229): CodeIgniter\View\View->{closure:CodeIgniter\View\View::render():223}()
 4 SYSTEMPATH/Common.php(1167): CodeIgniter\View\View->render()
 5 APPPATH/Controllers/Home.php(1071): view()
 6 SYSTEMPATH/CodeIgniter.php(933): App\Controllers\Home->view_job()
 7 SYSTEMPATH/CodeIgniter.php(507): CodeIgniter\CodeIgniter->runController()
 8 SYSTEMPATH/CodeIgniter.php(354): CodeIgniter\CodeIgniter->handleRequest()
 9 SYSTEMPATH/Boot.php(363): CodeIgniter\CodeIgniter->run()
10 SYSTEMPATH/Boot.php(68): CodeIgniter\Boot::runCodeIgniter()
11 FCPATH/index.php(59): CodeIgniter\Boot::bootWeb()
DEBUG - 2026-07-14 07:31:41 --> Session: Class initialized using 'CodeIgniter\Session\Handlers\FileHandler' driver.
DEBUG - 2026-07-14 07:32:40 --> Session: Class initialized using 'CodeIgniter\Session\Handlers\FileHandler' driver.
DEBUG - 2026-07-14 07:33:53 --> Session: Class initialized using 'CodeIgniter\Session\Handlers\FileHandler' driver.
DEBUG - 2026-07-14 07:51:53 --> Session: Class initialized using 'CodeIgniter\Session\Handlers\FileHandler' driver.
DEBUG - 2026-07-14 07:52:18 --> Session: Class initialized using 'CodeIgniter\Session\Handlers\FileHandler' driver.
DEBUG - 2026-07-14 08:00:43 --> Session: Class initialized using 'CodeIgniter\Session\Handlers\FileHandler' driver.
DEBUG - 2026-07-14 08:11:55 --> Session: Class initialized using 'CodeIgniter\Session\Handlers\FileHandler' driver.
WARNING - 2026-07-14 08:11:55 --> [DEPRECATED] explode(): Passing null to parameter #2 ($string) of type string is deprecated in APPPATH/Views/home/view_job.php on line 1779.
 1 APPPATH/Views/home/view_job.php(1779): explode(' ', null)
 2 SYSTEMPATH/View/View.php(226): include('/home/jobbcfsf/public_html/app/Views/home/view_job.php')
 3 SYSTEMPATH/View/View.php(229): CodeIgniter\View\View->{closure:CodeIgniter\View\View::render():223}()
 4 SYSTEMPATH/Common.php(1167): CodeIgniter\View\View->render('home/view_job', [], true)
 5 APPPATH/Controllers/Home.php(1071): view('home/view_job', [...])
 6 SYSTEMPATH/CodeIgniter.php(933): App\Controllers\Home->view_job('multiple-vacancies-renaissance-africa-energy-company-finance-hr-supply-chai')
 7 SYSTEMPATH/CodeIgniter.php(507): CodeIgniter\CodeIgniter->runController(Object(App\Controllers\Home))
 8 SYSTEMPATH/CodeIgniter.php(354): CodeIgniter\CodeIgniter->handleRequest(null, Object(Config\Cache), false)
 9 SYSTEMPATH/Boot.php(363): CodeIgniter\CodeIgniter->run()
10 SYSTEMPATH/Boot.php(68): CodeIgniter\Boot::runCodeIgniter(Object(CodeIgniter\CodeIgniter))
11 FCPATH/index.php(59): CodeIgniter\Boot::bootWeb(Object(Config\Paths))
DEBUG - 2026-07-14 08:11:55 --> Session: Class initialized using 'CodeIgniter\Session\Handlers\FileHandler' driver.
DEBUG - 2026-07-14 08:11:58 --> Session: Class initialized using 'CodeIgniter\Session\Handlers\FileHandler' driver.
DEBUG - 2026-07-14 08:16:22 --> Session: Class initialized using 'CodeIgniter\Session\Handlers\FileHandler' driver.
DEBUG - 2026-07-14 08:16:26 --> Session: Class initialized using 'CodeIgniter\Session\Handlers\FileHandler' driver.
DEBUG - 2026-07-14 08:16:27 --> Session: Class initialized using 'CodeIgniter\Session\Handlers\FileHandler' driver.
DEBUG - 2026-07-14 08:18:31 --> Session: Class initialized using 'CodeIgniter\Session\Handlers\FileHandler' driver.
DEBUG - 2026-07-14 08:22:52 --> Session: Class initialized using 'CodeIgniter\Session\Handlers\FileHandler' driver.
DEBUG - 2026-07-14 08:23:39 --> Session: Class initialized using 'CodeIgniter\Session\Handlers\FileHandler' driver.
DEBUG - 2026-07-14 08:23:40 --> Session: Class initialized using 'CodeIgniter\Session\Handlers\FileHandler' driver.
WARNING - 2026-07-14 08:23:40 --> [DEPRECATED] explode(): Passing null to parameter #2 ($string) of type string is deprecated in APPPATH/Views/home/view_job.php on line 1779.
 1 APPPATH/Views/home/view_job.php(1779): explode(' ', null)
 2 SYSTEMPATH/View/View.php(226): include('/home/jobbcfsf/public_html/app/Views/home/view_job.php')
 3 SYSTEMPATH/View/View.php(229): CodeIgniter\View\View->{closure:CodeIgniter\View\View::render():223}()
 4 SYSTEMPATH/Common.php(1167): CodeIgniter\View\View->render('home/view_job', [], true)
 5 APPPATH/Controllers/Home.php(1071): view('home/view_job', [...])
 6 SYSTEMPATH/CodeIgniter.php(933): App\Controllers\Home->view_job('nigerian-agip-exploration-limited-nae-20262027-postgraduate-scholarship-awa')
 7 SYSTEMPATH/CodeIgniter.php(507): CodeIgniter\CodeIgniter->runController(Object(App\Controllers\Home))
 8 SYSTEMPATH/CodeIgniter.php(354): CodeIgniter\CodeIgniter->handleRequest(null, Object(Config\Cache), false)
 9 SYSTEMPATH/Boot.php(363): CodeIgniter\CodeIgniter->run()
10 SYSTEMPATH/Boot.php(68): CodeIgniter\Boot::runCodeIgniter(Object(CodeIgniter\CodeIgniter))
11 FCPATH/index.php(59): CodeIgniter\Boot::bootWeb(Object(Config\Paths))
WARNING - 2026-07-14 08:23:40 --> [DEPRECATED] explode(): Passing null to parameter #2 ($string) of type string is deprecated in APPPATH/Views/home/view_job.php on line 1779.
 1 APPPATH/Views/home/view_job.php(1779): explode(' ', null)
 2 SYSTEMPATH/View/View.php(226): include('/home/jobbcfsf/public_html/app/Views/home/view_job.php')
 3 SYSTEMPATH/View/View.php(229): CodeIgniter\View\View->{closure:CodeIgniter\View\View::render():223}()
 4 SYSTEMPATH/Common.php(1167): CodeIgniter\View\View->render('home/view_job', [], true)
 5 APPPATH/Controllers/Home.php(1071): view('home/view_job', [...])
 6 SYSTEMPATH/CodeIgniter.php(933): App\Controllers\Home->view_job('nigerian-agip-exploration-limited-nae-20262027-postgraduate-scholarship-awa')
 7 SYSTEMPATH/CodeIgniter.php(507): CodeIgniter\CodeIgniter->runController(Object(App\Controllers\Home))
 8 SYSTEMPATH/CodeIgniter.php(354): CodeIgniter\CodeIgniter->handleRequest(null, Object(Config\Cache), false)
 9 SYSTEMPATH/Boot.php(363): CodeIgniter\CodeIgniter->run()
10 SYSTEMPATH/Boot.php(68): CodeIgniter\Boot::runCodeIgniter(Object(CodeIgniter\CodeIgniter))
11 FCPATH/index.php(59): CodeIgniter\Boot::bootWeb(Object(Config\Paths))
DEBUG - 2026-07-14 08:24:45 --> Session: Class initialized using 'CodeIgniter\Session\Handlers\FileHandler' driver.
DEBUG - 2026-07-14 08:25:51 --> Session: Class initialized using 'CodeIgniter\Session\Handlers\FileHandler' driver.
DEBUG - 2026-07-14 08:26:01 --> Session: Class initialized using 'CodeIgniter\Session\Handlers\FileHandler' driver.
ERROR - 2026-07-14 08:26:01 --> mysqli_sql_exception: Unknown column 'user_id' in 'WHERE' in /home/jobbcfsf/public_html/vendor/codeigniter4/framework/system/Database/MySQLi/Connection.php:327
Stack trace:
#0 /home/jobbcfsf/public_html/vendor/codeigniter4/framework/system/Database/MySQLi/Connection.php(327): mysqli->query()
#1 /home/jobbcfsf/public_html/vendor/codeigniter4/framework/system/Database/BaseConnection.php(729): CodeIgniter\Database\MySQLi\Connection->execute()
#2 /home/jobbcfsf/public_html/vendor/codeigniter4/framework/system/Database/BaseConnection.php(646): CodeIgniter\Database\BaseConnection->simpleQuery()
#3 /home/jobbcfsf/public_html/vendor/codeigniter4/framework/system/Database/BaseBuilder.php(1649): CodeIgniter\Database\BaseConnection->query()
#4 /home/jobbcfsf/public_html/vendor/codeigniter4/framework/system/Model.php(286): CodeIgniter\Database\BaseBuilder->get()
#5 /home/jobbcfsf/public_html/vendor/codeigniter4/framework/system/BaseModel.php(677): CodeIgniter\Model->doFindAll()
#6 /home/jobbcfsf/public_html/app/Controllers/Home.php(823): CodeIgniter\BaseModel->findAll()
#7 /home/jobbcfsf/public_html/vendor/codeigniter4/framework/system/CodeIgniter.php(933): App\Controllers\Home->jobs()
#8 /home/jobbcfsf/public_html/vendor/codeigniter4/framework/system/CodeIgniter.php(507): CodeIgniter\CodeIgniter->runController()
#9 /home/jobbcfsf/public_html/vendor/codeigniter4/framework/system/CodeIgniter.php(354): CodeIgniter\CodeIgniter->handleRequest()
#10 /home/jobbcfsf/public_html/vendor/codeigniter4/framework/system/Boot.php(363): CodeIgniter\CodeIgniter->run()
#11 /home/jobbcfsf/public_html/vendor/codeigniter4/framework/system/Boot.php(68): CodeIgniter\Boot::runCodeIgniter()
#12 /home/jobbcfsf/public_html/index.php(59): CodeIgniter\Boot::bootWeb()
#13 {main}
CRITICAL - 2026-07-14 08:26:01 --> CodeIgniter\Database\Exceptions\DatabaseException: Unknown column 'user_id' in 'WHERE'
[Method: GET, Route: jobs]
in SYSTEMPATH/Database/BaseConnection.php on line 684.
 1 SYSTEMPATH/Database/BaseBuilder.php(1649): CodeIgniter\Database\BaseConnection->query()
 2 SYSTEMPATH/Model.php(286): CodeIgniter\Database\BaseBuilder->get()
 3 SYSTEMPATH/BaseModel.php(677): CodeIgniter\Model->doFindAll()
 4 APPPATH/Controllers/Home.php(823): CodeIgniter\BaseModel->findAll()
 5 SYSTEMPATH/CodeIgniter.php(933): App\Controllers\Home->jobs()
 6 SYSTEMPATH/CodeIgniter.php(507): CodeIgniter\CodeIgniter->runController()
 7 SYSTEMPATH/CodeIgniter.php(354): CodeIgniter\CodeIgniter->handleRequest()
 8 SYSTEMPATH/Boot.php(363): CodeIgniter\CodeIgniter->run()
 9 SYSTEMPATH/Boot.php(68): CodeIgniter\Boot::runCodeIgniter()
10 FCPATH/index.php(59): CodeIgniter\Boot::bootWeb()
CRITICAL - 2026-07-14 08:26:01 --> [Caused by] CodeIgniter\Database\Exceptions\DatabaseException: Unknown column 'user_id' in 'WHERE'
in SYSTEMPATH/Database/MySQLi/Connection.php on line 332.
 1 SYSTEMPATH/Database/BaseConnection.php(729): CodeIgniter\Database\MySQLi\Connection->execute()
 2 SYSTEMPATH/Database/BaseConnection.php(646): CodeIgniter\Database\BaseConnection->simpleQuery()
 3 SYSTEMPATH/Database/BaseBuilder.php(1649): CodeIgniter\Database\BaseConnection->query()
 4 SYSTEMPATH/Model.php(286): CodeIgniter\Database\BaseBuilder->get()
 5 SYSTEMPATH/BaseModel.php(677): CodeIgniter\Model->doFindAll()
 6 APPPATH/Controllers/Home.php(823): CodeIgniter\BaseModel->findAll()
 7 SYSTEMPATH/CodeIgniter.php(933): App\Controllers\Home->jobs()
 8 SYSTEMPATH/CodeIgniter.php(507): CodeIgniter\CodeIgniter->runController()
 9 SYSTEMPATH/CodeIgniter.php(354): CodeIgniter\CodeIgniter->handleRequest()
10 SYSTEMPATH/Boot.php(363): CodeIgniter\CodeIgniter->run()
11 SYSTEMPATH/Boot.php(68): CodeIgniter\Boot::runCodeIgniter()
12 FCPATH/index.php(59): CodeIgniter\Boot::bootWeb()
CRITICAL - 2026-07-14 08:26:01 --> [Caused by] mysqli_sql_exception: Unknown column 'user_id' in 'WHERE'
in SYSTEMPATH/Database/MySQLi/Connection.php on line 327.
 1 SYSTEMPATH/Database/MySQLi/Connection.php(327): mysqli->query()
 2 SYSTEMPATH/Database/BaseConnection.php(729): CodeIgniter\Database\MySQLi\Connection->execute()
 3 SYSTEMPATH/Database/BaseConnection.php(646): CodeIgniter\Database\BaseConnection->simpleQuery()
 4 SYSTEMPATH/Database/BaseBuilder.php(1649): CodeIgniter\Database\BaseConnection->query()
 5 SYSTEMPATH/Model.php(286): CodeIgniter\Database\BaseBuilder->get()
 6 SYSTEMPATH/BaseModel.php(677): CodeIgniter\Model->doFindAll()
 7 APPPATH/Controllers/Home.php(823): CodeIgniter\BaseModel->findAll()
 8 SYSTEMPATH/CodeIgniter.php(933): App\Controllers\Home->jobs()
 9 SYSTEMPATH/CodeIgniter.php(507): CodeIgniter\CodeIgniter->runController()
10 SYSTEMPATH/CodeIgniter.php(354): CodeIgniter\CodeIgniter->handleRequest()
11 SYSTEMPATH/Boot.php(363): CodeIgniter\CodeIgniter->run()
12 SYSTEMPATH/Boot.php(68): CodeIgniter\Boot::runCodeIgniter()
13 FCPATH/index.php(59): CodeIgniter\Boot::bootWeb()
DEBUG - 2026-07-14 08:26:04 --> Session: Class initialized using 'CodeIgniter\Session\Handlers\FileHandler' driver.
DEBUG - 2026-07-14 08:26:16 --> Session: Class initialized using 'CodeIgniter\Session\Handlers\FileHandler' driver.
DEBUG - 2026-07-14 08:26:19 --> Session: Class initialized using 'CodeIgniter\Session\Handlers\FileHandler' driver.
DEBUG - 2026-07-14 08:26:35 --> Session: Class initialized using 'CodeIgniter\Session\Handlers\FileHandler' driver.
WARNING - 2026-07-14 08:26:35 --> [DEPRECATED] strtolower(): Passing null to parameter #1 ($string) of type string is deprecated in APPPATH/Controllers/AdminController.php on line 173.
 1 APPPATH/Controllers/AdminController.php(173): strtolower(null)
 2 SYSTEMPATH/CodeIgniter.php(933): App\Controllers\AdminController->index()
 3 SYSTEMPATH/CodeIgniter.php(507): CodeIgniter\CodeIgniter->runController(Object(App\Controllers\AdminController))
 4 SYSTEMPATH/CodeIgniter.php(354): CodeIgniter\CodeIgniter->handleRequest(null, Object(Config\Cache), false)
 5 SYSTEMPATH/Boot.php(363): CodeIgniter\CodeIgniter->run()
 6 SYSTEMPATH/Boot.php(68): CodeIgniter\Boot::runCodeIgniter(Object(CodeIgniter\CodeIgniter))
 7 FCPATH/index.php(59): CodeIgniter\Boot::bootWeb(Object(Config\Paths))
WARNING - 2026-07-14 08:26:35 --> [DEPRECATED] strtolower(): Passing null to parameter #1 ($string) of type string is deprecated in APPPATH/Controllers/AdminController.php on line 176.
 1 APPPATH/Controllers/AdminController.php(176): strtolower(null)
 2 SYSTEMPATH/CodeIgniter.php(933): App\Controllers\AdminController->index()
 3 SYSTEMPATH/CodeIgniter.php(507): CodeIgniter\CodeIgniter->runController(Object(App\Controllers\AdminController))
 4 SYSTEMPATH/CodeIgniter.php(354): CodeIgniter\CodeIgniter->handleRequest(null, Object(Config\Cache), false)
 5 SYSTEMPATH/Boot.php(363): CodeIgniter\CodeIgniter->run()
 6 SYSTEMPATH/Boot.php(68): CodeIgniter\Boot::runCodeIgniter(Object(CodeIgniter\CodeIgniter))
 7 FCPATH/index.php(59): CodeIgniter\Boot::bootWeb(Object(Config\Paths))
DEBUG - 2026-07-14 08:26:57 --> Session: Class initialized using 'CodeIgniter\Session\Handlers\FileHandler' driver.
DEBUG - 2026-07-14 08:27:02 --> Session: Class initialized using 'CodeIgniter\Session\Handlers\FileHandler' driver.
CRITICAL - 2026-07-14 08:27:02 --> Error: Cannot use object of type App\Entities\JobCategory as array
[Method: GET, Route: admin/aptitude/create]
in APPPATH/Views/admin/aptitude/create.php on line 44.
 1 SYSTEMPATH/View/View.php(226): include()
 2 SYSTEMPATH/View/View.php(229): CodeIgniter\View\View->{closure:CodeIgniter\View\View::render():223}()
 3 SYSTEMPATH/Common.php(1167): CodeIgniter\View\View->render()
 4 APPPATH/Controllers/AdminAptitudeController.php(39): view()
 5 SYSTEMPATH/CodeIgniter.php(933): App\Controllers\AdminAptitudeController->createTest()
 6 SYSTEMPATH/CodeIgniter.php(507): CodeIgniter\CodeIgniter->runController()
 7 SYSTEMPATH/CodeIgniter.php(354): CodeIgniter\CodeIgniter->handleRequest()
 8 SYSTEMPATH/Boot.php(363): CodeIgniter\CodeIgniter->run()
 9 SYSTEMPATH/Boot.php(68): CodeIgniter\Boot::runCodeIgniter()
10 FCPATH/index.php(59): CodeIgniter\Boot::bootWeb()
DEBUG - 2026-07-14 08:27:04 --> Session: Class initialized using 'CodeIgniter\Session\Handlers\FileHandler' driver.
DEBUG - 2026-07-14 08:27:06 --> Session: Class initialized using 'CodeIgniter\Session\Handlers\FileHandler' driver.
WARNING - 2026-07-14 08:27:06 --> [DEPRECATED] strtolower(): Passing null to parameter #1 ($string) of type string is deprecated in APPPATH/Controllers/AdminController.php on line 173.
 1 APPPATH/Controllers/AdminController.php(173): strtolower(null)
 2 SYSTEMPATH/CodeIgniter.php(933): App\Controllers\AdminController->index()
 3 SYSTEMPATH/CodeIgniter.php(507): CodeIgniter\CodeIgniter->runController(Object(App\Controllers\AdminController))
 4 SYSTEMPATH/CodeIgniter.php(354): CodeIgniter\CodeIgniter->handleRequest(null, Object(Config\Cache), false)
 5 SYSTEMPATH/Boot.php(363): CodeIgniter\CodeIgniter->run()
 6 SYSTEMPATH/Boot.php(68): CodeIgniter\Boot::runCodeIgniter(Object(CodeIgniter\CodeIgniter))
 7 FCPATH/index.php(59): CodeIgniter\Boot::bootWeb(Object(Config\Paths))
WARNING - 2026-07-14 08:27:06 --> [DEPRECATED] strtolower(): Passing null to parameter #1 ($string) of type string is deprecated in APPPATH/Controllers/AdminController.php on line 176.
 1 APPPATH/Controllers/AdminController.php(176): strtolower(null)
 2 SYSTEMPATH/CodeIgniter.php(933): App\Controllers\AdminController->index()
 3 SYSTEMPATH/CodeIgniter.php(507): CodeIgniter\CodeIgniter->runController(Object(App\Controllers\AdminController))
 4 SYSTEMPATH/CodeIgniter.php(354): CodeIgniter\CodeIgniter->handleRequest(null, Object(Config\Cache), false)
 5 SYSTEMPATH/Boot.php(363): CodeIgniter\CodeIgniter->run()
 6 SYSTEMPATH/Boot.php(68): CodeIgniter\Boot::runCodeIgniter(Object(CodeIgniter\CodeIgniter))
 7 FCPATH/index.php(59): CodeIgniter\Boot::bootWeb(Object(Config\Paths))
DEBUG - 2026-07-14 08:27:10 --> Session: Class initialized using 'CodeIgniter\Session\Handlers\FileHandler' driver.
DEBUG - 2026-07-14 08:27:13 --> Session: Class initialized using 'CodeIgniter\Session\Handlers\FileHandler' driver.
DEBUG - 2026-07-14 08:28:09 --> Session: Class initialized using 'CodeIgniter\Session\Handlers\FileHandler' driver.
DEBUG - 2026-07-14 08:28:12 --> Session: Class initialized using 'CodeIgniter\Session\Handlers\FileHandler' driver.
DEBUG - 2026-07-14 08:28:23 --> Session: Class initialized using 'CodeIgniter\Session\Handlers\FileHandler' driver.
DEBUG - 2026-07-14 08:30:38 --> Session: Class initialized using 'CodeIgniter\Session\Handlers\FileHandler' driver.
DEBUG - 2026-07-14 08:31:10 --> Session: Class initialized using 'CodeIgniter\Session\Handlers\FileHandler' driver.
INFO - 2026-07-14 08:31:10 --> CSRF token verified.
DEBUG - 2026-07-14 08:31:11 --> Session: Class initialized using 'CodeIgniter\Session\Handlers\FileHandler' driver.
DEBUG - 2026-07-14 08:31:41 --> Session: Class initialized using 'CodeIgniter\Session\Handlers\FileHandler' driver.
DEBUG - 2026-07-14 08:31:48 --> Session: Class initialized using 'CodeIgniter\Session\Handlers\FileHandler' driver.
WARNING - 2026-07-14 08:31:48 --> [DEPRECATED] strtolower(): Passing null to parameter #1 ($string) of type string is deprecated in APPPATH/Controllers/AdminController.php on line 173.
 1 APPPATH/Controllers/AdminController.php(173): strtolower(null)
 2 SYSTEMPATH/CodeIgniter.php(933): App\Controllers\AdminController->index()
 3 SYSTEMPATH/CodeIgniter.php(507): CodeIgniter\CodeIgniter->runController(Object(App\Controllers\AdminController))
 4 SYSTEMPATH/CodeIgniter.php(354): CodeIgniter\CodeIgniter->handleRequest(null, Object(Config\Cache), false)
 5 SYSTEMPATH/Boot.php(363): CodeIgniter\CodeIgniter->run()
 6 SYSTEMPATH/Boot.php(68): CodeIgniter\Boot::runCodeIgniter(Object(CodeIgniter\CodeIgniter))
 7 FCPATH/index.php(59): CodeIgniter\Boot::bootWeb(Object(Config\Paths))
WARNING - 2026-07-14 08:31:48 --> [DEPRECATED] strtolower(): Passing null to parameter #1 ($string) of type string is deprecated in APPPATH/Controllers/AdminController.php on line 176.
 1 APPPATH/Controllers/AdminController.php(176): strtolower(null)
 2 SYSTEMPATH/CodeIgniter.php(933): App\Controllers\AdminController->index()
 3 SYSTEMPATH/CodeIgniter.php(507): CodeIgniter\CodeIgniter->runController(Object(App\Controllers\AdminController))
 4 SYSTEMPATH/CodeIgniter.php(354): CodeIgniter\CodeIgniter->handleRequest(null, Object(Config\Cache), false)
 5 SYSTEMPATH/Boot.php(363): CodeIgniter\CodeIgniter->run()
 6 SYSTEMPATH/Boot.php(68): CodeIgniter\Boot::runCodeIgniter(Object(CodeIgniter\CodeIgniter))
 7 FCPATH/index.php(59): CodeIgniter\Boot::bootWeb(Object(Config\Paths))
DEBUG - 2026-07-14 08:31:52 --> Session: Class initialized using 'CodeIgniter\Session\Handlers\FileHandler' driver.
DEBUG - 2026-07-14 08:32:00 --> Session: Class initialized using 'CodeIgniter\Session\Handlers\FileHandler' driver.
DEBUG - 2026-07-14 08:32:27 --> Session: Class initialized using 'CodeIgniter\Session\Handlers\FileHandler' driver.
INFO - 2026-07-14 08:32:27 --> CSRF token verified.
DEBUG - 2026-07-14 08:33:34 --> Session: Class initialized using 'CodeIgniter\Session\Handlers\FileHandler' driver.
DEBUG - 2026-07-14 08:33:51 --> Session: Class initialized using 'CodeIgniter\Session\Handlers\FileHandler' driver.
DEBUG - 2026-07-14 08:34:01 --> Session: Class initialized using 'CodeIgniter\Session\Handlers\FileHandler' driver.
DEBUG - 2026-07-14 08:34:28 --> Session: Class initialized using 'CodeIgniter\Session\Handlers\FileHandler' driver.
DEBUG - 2026-07-14 08:34:29 --> Session: Class initialized using 'CodeIgniter\Session\Handlers\FileHandler' driver.
DEBUG - 2026-07-14 08:34:48 --> Session: Class initialized using 'CodeIgniter\Session\Handlers\FileHandler' driver.
INFO - 2026-07-14 08:34:48 --> CSRF token verified.
DEBUG - 2026-07-14 08:35:26 --> Session: Class initialized using 'CodeIgniter\Session\Handlers\FileHandler' driver.
WARNING - 2026-07-14 08:35:26 --> [DEPRECATED] strtolower(): Passing null to parameter #1 ($string) of type string is deprecated in APPPATH/Controllers/AdminController.php on line 173.
 1 APPPATH/Controllers/AdminController.php(173): strtolower(null)
 2 SYSTEMPATH/CodeIgniter.php(933): App\Controllers\AdminController->index()
 3 SYSTEMPATH/CodeIgniter.php(507): CodeIgniter\CodeIgniter->runController(Object(App\Controllers\AdminController))
 4 SYSTEMPATH/CodeIgniter.php(354): CodeIgniter\CodeIgniter->handleRequest(null, Object(Config\Cache), false)
 5 SYSTEMPATH/Boot.php(363): CodeIgniter\CodeIgniter->run()
 6 SYSTEMPATH/Boot.php(68): CodeIgniter\Boot::runCodeIgniter(Object(CodeIgniter\CodeIgniter))
 7 FCPATH/index.php(59): CodeIgniter\Boot::bootWeb(Object(Config\Paths))
WARNING - 2026-07-14 08:35:26 --> [DEPRECATED] strtolower(): Passing null to parameter #1 ($string) of type string is deprecated in APPPATH/Controllers/AdminController.php on line 176.
 1 APPPATH/Controllers/AdminController.php(176): strtolower(null)
 2 SYSTEMPATH/CodeIgniter.php(933): App\Controllers\AdminController->index()
 3 SYSTEMPATH/CodeIgniter.php(507): CodeIgniter\CodeIgniter->runController(Object(App\Controllers\AdminController))
 4 SYSTEMPATH/CodeIgniter.php(354): CodeIgniter\CodeIgniter->handleRequest(null, Object(Config\Cache), false)
 5 SYSTEMPATH/Boot.php(363): CodeIgniter\CodeIgniter->run()
 6 SYSTEMPATH/Boot.php(68): CodeIgniter\Boot::runCodeIgniter(Object(CodeIgniter\CodeIgniter))
 7 FCPATH/index.php(59): CodeIgniter\Boot::bootWeb(Object(Config\Paths))
DEBUG - 2026-07-14 08:35:36 --> Session: Class initialized using 'CodeIgniter\Session\Handlers\FileHandler' driver.
DEBUG - 2026-07-14 08:40:54 --> Session: Class initialized using 'CodeIgniter\Session\Handlers\FileHandler' driver.
DEBUG - 2026-07-14 08:44:44 --> Session: Class initialized using 'CodeIgniter\Session\Handlers\FileHandler' driver.
DEBUG - 2026-07-14 08:44:47 --> Session: Class initialized using 'CodeIgniter\Session\Handlers\FileHandler' driver.
DEBUG - 2026-07-14 08:44:55 --> Session: Class initialized using 'CodeIgniter\Session\Handlers\FileHandler' driver.
DEBUG - 2026-07-14 08:45:33 --> Session: Class initialized using 'CodeIgniter\Session\Handlers\FileHandler' driver.
DEBUG - 2026-07-14 08:45:44 --> Session: Class initialized using 'CodeIgniter\Session\Handlers\FileHandler' driver.
DEBUG - 2026-07-14 08:46:38 --> Session: Class initialized using 'CodeIgniter\Session\Handlers\FileHandler' driver.
INFO - 2026-07-14 08:46:38 --> CSRF token verified.
DEBUG - 2026-07-14 08:49:02 --> Session: Class initialized using 'CodeIgniter\Session\Handlers\FileHandler' driver.
DEBUG - 2026-07-14 08:55:26 --> Session: Class initialized using 'CodeIgniter\Session\Handlers\FileHandler' driver.
DEBUG - 2026-07-14 08:55:33 --> Session: Class initialized using 'CodeIgniter\Session\Handlers\FileHandler' driver.
DEBUG - 2026-07-14 08:55:54 --> Session: Class initialized using 'CodeIgniter\Session\Handlers\FileHandler' driver.
DEBUG - 2026-07-14 08:55:55 --> Session: Class initialized using 'CodeIgniter\Session\Handlers\FileHandler' driver.
DEBUG - 2026-07-14 08:56:32 --> Session: Class initialized using 'CodeIgniter\Session\Handlers\FileHandler' driver.
DEBUG - 2026-07-14 08:57:28 --> Session: Class initialized using 'CodeIgniter\Session\Handlers\FileHandler' driver.
CRITICAL - 2026-07-14 08:57:29 --> Error: Cannot use object of type App\Entities\Job as array
[Method: GET, Route: employer/dashboard]
in APPPATH/Views/employers/dashboard.php on line 252.
 1 SYSTEMPATH/View/View.php(226): include()
 2 SYSTEMPATH/View/View.php(229): CodeIgniter\View\View->{closure:CodeIgniter\View\View::render():223}()
 3 SYSTEMPATH/Common.php(1167): CodeIgniter\View\View->render()
 4 APPPATH/Controllers/EmployerController.php(319): view()
 5 SYSTEMPATH/CodeIgniter.php(933): App\Controllers\EmployerController->dashboard()
 6 SYSTEMPATH/CodeIgniter.php(507): CodeIgniter\CodeIgniter->runController()
 7 SYSTEMPATH/CodeIgniter.php(354): CodeIgniter\CodeIgniter->handleRequest()
 8 SYSTEMPATH/Boot.php(363): CodeIgniter\CodeIgniter->run()
 9 SYSTEMPATH/Boot.php(68): CodeIgniter\Boot::runCodeIgniter()
10 FCPATH/index.php(59): CodeIgniter\Boot::bootWeb()
DEBUG - 2026-07-14 08:57:31 --> Session: Class initialized using 'CodeIgniter\Session\Handlers\FileHandler' driver.
DEBUG - 2026-07-14 08:57:34 --> Session: Class initialized using 'CodeIgniter\Session\Handlers\FileHandler' driver.
DEBUG - 2026-07-14 08:57:38 --> Session: Class initialized using 'CodeIgniter\Session\Handlers\FileHandler' driver.
ERROR - 2026-07-14 08:57:38 --> mysqli_sql_exception: Unknown column 'user_id' in 'WHERE' in /home/jobbcfsf/public_html/vendor/codeigniter4/framework/system/Database/MySQLi/Connection.php:327
Stack trace:
#0 /home/jobbcfsf/public_html/vendor/codeigniter4/framework/system/Database/MySQLi/Connection.php(327): mysqli->query()
#1 /home/jobbcfsf/public_html/vendor/codeigniter4/framework/system/Database/BaseConnection.php(729): CodeIgniter\Database\MySQLi\Connection->execute()
#2 /home/jobbcfsf/public_html/vendor/codeigniter4/framework/system/Database/BaseConnection.php(646): CodeIgniter\Database\BaseConnection->simpleQuery()
#3 /home/jobbcfsf/public_html/vendor/codeigniter4/framework/system/Database/BaseBuilder.php(1649): CodeIgniter\Database\BaseConnection->query()
#4 /home/jobbcfsf/public_html/vendor/codeigniter4/framework/system/Model.php(286): CodeIgniter\Database\BaseBuilder->get()
#5 /home/jobbcfsf/public_html/vendor/codeigniter4/framework/system/BaseModel.php(677): CodeIgniter\Model->doFindAll()
#6 /home/jobbcfsf/public_html/app/Controllers/Home.php(823): CodeIgniter\BaseModel->findAll()
#7 /home/jobbcfsf/public_html/vendor/codeigniter4/framework/system/CodeIgniter.php(933): App\Controllers\Home->jobs()
#8 /home/jobbcfsf/public_html/vendor/codeigniter4/framework/system/CodeIgniter.php(507): CodeIgniter\CodeIgniter->runController()
#9 /home/jobbcfsf/public_html/vendor/codeigniter4/framework/system/CodeIgniter.php(354): CodeIgniter\CodeIgniter->handleRequest()
#10 /home/jobbcfsf/public_html/vendor/codeigniter4/framework/system/Boot.php(363): CodeIgniter\CodeIgniter->run()
#11 /home/jobbcfsf/public_html/vendor/codeigniter4/framework/system/Boot.php(68): CodeIgniter\Boot::runCodeIgniter()
#12 /home/jobbcfsf/public_html/index.php(59): CodeIgniter\Boot::bootWeb()
#13 {main}
CRITICAL - 2026-07-14 08:57:38 --> CodeIgniter\Database\Exceptions\DatabaseException: Unknown column 'user_id' in 'WHERE'
[Method: GET, Route: jobs]
in SYSTEMPATH/Database/BaseConnection.php on line 684.
 1 SYSTEMPATH/Database/BaseBuilder.php(1649): CodeIgniter\Database\BaseConnection->query()
 2 SYSTEMPATH/Model.php(286): CodeIgniter\Database\BaseBuilder->get()
 3 SYSTEMPATH/BaseModel.php(677): CodeIgniter\Model->doFindAll()
 4 APPPATH/Controllers/Home.php(823): CodeIgniter\BaseModel->findAll()
 5 SYSTEMPATH/CodeIgniter.php(933): App\Controllers\Home->jobs()
 6 SYSTEMPATH/CodeIgniter.php(507): CodeIgniter\CodeIgniter->runController()
 7 SYSTEMPATH/CodeIgniter.php(354): CodeIgniter\CodeIgniter->handleRequest()
 8 SYSTEMPATH/Boot.php(363): CodeIgniter\CodeIgniter->run()
 9 SYSTEMPATH/Boot.php(68): CodeIgniter\Boot::runCodeIgniter()
10 FCPATH/index.php(59): CodeIgniter\Boot::bootWeb()
CRITICAL - 2026-07-14 08:57:38 --> [Caused by] CodeIgniter\Database\Exceptions\DatabaseException: Unknown column 'user_id' in 'WHERE'
in SYSTEMPATH/Database/MySQLi/Connection.php on line 332.
 1 SYSTEMPATH/Database/BaseConnection.php(729): CodeIgniter\Database\MySQLi\Connection->execute()
 2 SYSTEMPATH/Database/BaseConnection.php(646): CodeIgniter\Database\BaseConnection->simpleQuery()
 3 SYSTEMPATH/Database/BaseBuilder.php(1649): CodeIgniter\Database\BaseConnection->query()
 4 SYSTEMPATH/Model.php(286): CodeIgniter\Database\BaseBuilder->get()
 5 SYSTEMPATH/BaseModel.php(677): CodeIgniter\Model->doFindAll()
 6 APPPATH/Controllers/Home.php(823): CodeIgniter\BaseModel->findAll()
 7 SYSTEMPATH/CodeIgniter.php(933): App\Controllers\Home->jobs()
 8 SYSTEMPATH/CodeIgniter.php(507): CodeIgniter\CodeIgniter->runController()
 9 SYSTEMPATH/CodeIgniter.php(354): CodeIgniter\CodeIgniter->handleRequest()
10 SYSTEMPATH/Boot.php(363): CodeIgniter\CodeIgniter->run()
11 SYSTEMPATH/Boot.php(68): CodeIgniter\Boot::runCodeIgniter()
12 FCPATH/index.php(59): CodeIgniter\Boot::bootWeb()
CRITICAL - 2026-07-14 08:57:38 --> [Caused by] mysqli_sql_exception: Unknown column 'user_id' in 'WHERE'
in SYSTEMPATH/Database/MySQLi/Connection.php on line 327.
 1 SYSTEMPATH/Database/MySQLi/Connection.php(327): mysqli->query()
 2 SYSTEMPATH/Database/BaseConnection.php(729): CodeIgniter\Database\MySQLi\Connection->execute()
 3 SYSTEMPATH/Database/BaseConnection.php(646): CodeIgniter\Database\BaseConnection->simpleQuery()
 4 SYSTEMPATH/Database/BaseBuilder.php(1649): CodeIgniter\Database\BaseConnection->query()
 5 SYSTEMPATH/Model.php(286): CodeIgniter\Database\BaseBuilder->get()
 6 SYSTEMPATH/BaseModel.php(677): CodeIgniter\Model->doFindAll()
 7 APPPATH/Controllers/Home.php(823): CodeIgniter\BaseModel->findAll()
 8 SYSTEMPATH/CodeIgniter.php(933): App\Controllers\Home->jobs()
 9 SYSTEMPATH/CodeIgniter.php(507): CodeIgniter\CodeIgniter->runController()
10 SYSTEMPATH/CodeIgniter.php(354): CodeIgniter\CodeIgniter->handleRequest()
11 SYSTEMPATH/Boot.php(363): CodeIgniter\CodeIgniter->run()
12 SYSTEMPATH/Boot.php(68): CodeIgniter\Boot::runCodeIgniter()
13 FCPATH/index.php(59): CodeIgniter\Boot::bootWeb()
DEBUG - 2026-07-14 08:57:40 --> Session: Class initialized using 'CodeIgniter\Session\Handlers\FileHandler' driver.
DEBUG - 2026-07-14 08:57:43 --> Session: Class initialized using 'CodeIgniter\Session\Handlers\FileHandler' driver.
CRITICAL - 2026-07-14 08:57:43 --> Error: Cannot use object of type App\Entities\Job as array
[Method: GET, Route: employer/dashboard]
in APPPATH/Views/employers/dashboard.php on line 252.
 1 SYSTEMPATH/View/View.php(226): include()
 2 SYSTEMPATH/View/View.php(229): CodeIgniter\View\View->{closure:CodeIgniter\View\View::render():223}()
 3 SYSTEMPATH/Common.php(1167): CodeIgniter\View\View->render()
 4 APPPATH/Controllers/EmployerController.php(319): view()
 5 SYSTEMPATH/CodeIgniter.php(933): App\Controllers\EmployerController->dashboard()
 6 SYSTEMPATH/CodeIgniter.php(507): CodeIgniter\CodeIgniter->runController()
 7 SYSTEMPATH/CodeIgniter.php(354): CodeIgniter\CodeIgniter->handleRequest()
 8 SYSTEMPATH/Boot.php(363): CodeIgniter\CodeIgniter->run()
 9 SYSTEMPATH/Boot.php(68): CodeIgniter\Boot::runCodeIgniter()
10 FCPATH/index.php(59): CodeIgniter\Boot::bootWeb()
DEBUG - 2026-07-14 08:57:44 --> Session: Class initialized using 'CodeIgniter\Session\Handlers\FileHandler' driver.
DEBUG - 2026-07-14 08:57:50 --> Session: Class initialized using 'CodeIgniter\Session\Handlers\FileHandler' driver.
DEBUG - 2026-07-14 08:57:52 --> Session: Class initialized using 'CodeIgniter\Session\Handlers\FileHandler' driver.
DEBUG - 2026-07-14 08:57:56 --> Session: Class initialized using 'CodeIgniter\Session\Handlers\FileHandler' driver.
DEBUG - 2026-07-14 08:57:58 --> Session: Class initialized using 'CodeIgniter\Session\Handlers\FileHandler' driver.
DEBUG - 2026-07-14 09:00:16 --> Session: Class initialized using 'CodeIgniter\Session\Handlers\FileHandler' driver.
DEBUG - 2026-07-14 09:06:14 --> Session: Class initialized using 'CodeIgniter\Session\Handlers\FileHandler' driver.
DEBUG - 2026-07-14 09:17:26 --> Session: Class initialized using 'CodeIgniter\Session\Handlers\FileHandler' driver.
DEBUG - 2026-07-14 09:17:27 --> Session: Class initialized using 'CodeIgniter\Session\Handlers\FileHandler' driver.
ERROR - 2026-07-14 09:17:27 --> mysqli_sql_exception: Unknown column 'user_id' in 'WHERE' in /home/jobbcfsf/public_html/vendor/codeigniter4/framework/system/Database/MySQLi/Connection.php:327
Stack trace:
#0 /home/jobbcfsf/public_html/vendor/codeigniter4/framework/system/Database/MySQLi/Connection.php(327): mysqli->query()
#1 /home/jobbcfsf/public_html/vendor/codeigniter4/framework/system/Database/BaseConnection.php(729): CodeIgniter\Database\MySQLi\Connection->execute()
#2 /home/jobbcfsf/public_html/vendor/codeigniter4/framework/system/Database/BaseConnection.php(646): CodeIgniter\Database\BaseConnection->simpleQuery()
#3 /home/jobbcfsf/public_html/vendor/codeigniter4/framework/system/Database/BaseBuilder.php(1649): CodeIgniter\Database\BaseConnection->query()
#4 /home/jobbcfsf/public_html/vendor/codeigniter4/framework/system/Model.php(286): CodeIgniter\Database\BaseBuilder->get()
#5 /home/jobbcfsf/public_html/vendor/codeigniter4/framework/system/BaseModel.php(677): CodeIgniter\Model->doFindAll()
#6 /home/jobbcfsf/public_html/app/Controllers/Home.php(823): CodeIgniter\BaseModel->findAll()
#7 /home/jobbcfsf/public_html/vendor/codeigniter4/framework/system/CodeIgniter.php(933): App\Controllers\Home->jobs()
#8 /home/jobbcfsf/public_html/vendor/codeigniter4/framework/system/CodeIgniter.php(507): CodeIgniter\CodeIgniter->runController()
#9 /home/jobbcfsf/public_html/vendor/codeigniter4/framework/system/CodeIgniter.php(354): CodeIgniter\CodeIgniter->handleRequest()
#10 /home/jobbcfsf/public_html/vendor/codeigniter4/framework/system/Boot.php(363): CodeIgniter\CodeIgniter->run()
#11 /home/jobbcfsf/public_html/vendor/codeigniter4/framework/system/Boot.php(68): CodeIgniter\Boot::runCodeIgniter()
#12 /home/jobbcfsf/public_html/index.php(59): CodeIgniter\Boot::bootWeb()
#13 {main}
CRITICAL - 2026-07-14 09:17:27 --> CodeIgniter\Database\Exceptions\DatabaseException: Unknown column 'user_id' in 'WHERE'
[Method: GET, Route: jobs]
in SYSTEMPATH/Database/BaseConnection.php on line 684.
 1 SYSTEMPATH/Database/BaseBuilder.php(1649): CodeIgniter\Database\BaseConnection->query()
 2 SYSTEMPATH/Model.php(286): CodeIgniter\Database\BaseBuilder->get()
 3 SYSTEMPATH/BaseModel.php(677): CodeIgniter\Model->doFindAll()
 4 APPPATH/Controllers/Home.php(823): CodeIgniter\BaseModel->findAll()
 5 SYSTEMPATH/CodeIgniter.php(933): App\Controllers\Home->jobs()
 6 SYSTEMPATH/CodeIgniter.php(507): CodeIgniter\CodeIgniter->runController()
 7 SYSTEMPATH/CodeIgniter.php(354): CodeIgniter\CodeIgniter->handleRequest()
 8 SYSTEMPATH/Boot.php(363): CodeIgniter\CodeIgniter->run()
 9 SYSTEMPATH/Boot.php(68): CodeIgniter\Boot::runCodeIgniter()
10 FCPATH/index.php(59): CodeIgniter\Boot::bootWeb()
CRITICAL - 2026-07-14 09:17:27 --> [Caused by] CodeIgniter\Database\Exceptions\DatabaseException: Unknown column 'user_id' in 'WHERE'
in SYSTEMPATH/Database/MySQLi/Connection.php on line 332.
 1 SYSTEMPATH/Database/BaseConnection.php(729): CodeIgniter\Database\MySQLi\Connection->execute()
 2 SYSTEMPATH/Database/BaseConnection.php(646): CodeIgniter\Database\BaseConnection->simpleQuery()
 3 SYSTEMPATH/Database/BaseBuilder.php(1649): CodeIgniter\Database\BaseConnection->query()
 4 SYSTEMPATH/Model.php(286): CodeIgniter\Database\BaseBuilder->get()
 5 SYSTEMPATH/BaseModel.php(677): CodeIgniter\Model->doFindAll()
 6 APPPATH/Controllers/Home.php(823): CodeIgniter\BaseModel->findAll()
 7 SYSTEMPATH/CodeIgniter.php(933): App\Controllers\Home->jobs()
 8 SYSTEMPATH/CodeIgniter.php(507): CodeIgniter\CodeIgniter->runController()
 9 SYSTEMPATH/CodeIgniter.php(354): CodeIgniter\CodeIgniter->handleRequest()
10 SYSTEMPATH/Boot.php(363): CodeIgniter\CodeIgniter->run()
11 SYSTEMPATH/Boot.php(68): CodeIgniter\Boot::runCodeIgniter()
12 FCPATH/index.php(59): CodeIgniter\Boot::bootWeb()
CRITICAL - 2026-07-14 09:17:27 --> [Caused by] mysqli_sql_exception: Unknown column 'user_id' in 'WHERE'
in SYSTEMPATH/Database/MySQLi/Connection.php on line 327.
 1 SYSTEMPATH/Database/MySQLi/Connection.php(327): mysqli->query()
 2 SYSTEMPATH/Database/BaseConnection.php(729): CodeIgniter\Database\MySQLi\Connection->execute()
 3 SYSTEMPATH/Database/BaseConnection.php(646): CodeIgniter\Database\BaseConnection->simpleQuery()
 4 SYSTEMPATH/Database/BaseBuilder.php(1649): CodeIgniter\Database\BaseConnection->query()
 5 SYSTEMPATH/Model.php(286): CodeIgniter\Database\BaseBuilder->get()
 6 SYSTEMPATH/BaseModel.php(677): CodeIgniter\Model->doFindAll()
 7 APPPATH/Controllers/Home.php(823): CodeIgniter\BaseModel->findAll()
 8 SYSTEMPATH/CodeIgniter.php(933): App\Controllers\Home->jobs()
 9 SYSTEMPATH/CodeIgniter.php(507): CodeIgniter\CodeIgniter->runController()
10 SYSTEMPATH/CodeIgniter.php(354): CodeIgniter\CodeIgniter->handleRequest()
11 SYSTEMPATH/Boot.php(363): CodeIgniter\CodeIgniter->run()
12 SYSTEMPATH/Boot.php(68): CodeIgniter\Boot::runCodeIgniter()
13 FCPATH/index.php(59): CodeIgniter\Boot::bootWeb()
DEBUG - 2026-07-14 09:17:29 --> Session: Class initialized using 'CodeIgniter\Session\Handlers\FileHandler' driver.
DEBUG - 2026-07-14 09:22:41 --> Session: Class initialized using 'CodeIgniter\Session\Handlers\FileHandler' driver.
DEBUG - 2026-07-14 09:24:04 --> Session: Class initialized using 'CodeIgniter\Session\Handlers\FileHandler' driver.
DEBUG - 2026-07-14 09:25:34 --> Session: Class initialized using 'CodeIgniter\Session\Handlers\FileHandler' driver.
DEBUG - 2026-07-14 09:26:51 --> Session: Class initialized using 'CodeIgniter\Session\Handlers\FileHandler' driver.
DEBUG - 2026-07-14 09:28:15 --> Session: Class initialized using 'CodeIgniter\Session\Handlers\FileHandler' driver.
DEBUG - 2026-07-14 09:28:42 --> Session: Class initialized using 'CodeIgniter\Session\Handlers\FileHandler' driver.
DEBUG - 2026-07-14 09:29:39 --> Session: Class initialized using 'CodeIgniter\Session\Handlers\FileHandler' driver.
DEBUG - 2026-07-14 09:31:02 --> Session: Class initialized using 'CodeIgniter\Session\Handlers\FileHandler' driver.
DEBUG - 2026-07-14 09:32:25 --> Session: Class initialized using 'CodeIgniter\Session\Handlers\FileHandler' driver.
DEBUG - 2026-07-14 09:33:49 --> Session: Class initialized using 'CodeIgniter\Session\Handlers\FileHandler' driver.
DEBUG - 2026-07-14 09:34:51 --> Session: Class initialized using 'CodeIgniter\Session\Handlers\FileHandler' driver.
DEBUG - 2026-07-14 09:35:13 --> Session: Class initialized using 'CodeIgniter\Session\Handlers\FileHandler' driver.
DEBUG - 2026-07-14 09:36:36 --> Session: Class initialized using 'CodeIgniter\Session\Handlers\FileHandler' driver.
DEBUG - 2026-07-14 09:38:00 --> Session: Class initialized using 'CodeIgniter\Session\Handlers\FileHandler' driver.
DEBUG - 2026-07-14 09:38:22 --> Session: Class initialized using 'CodeIgniter\Session\Handlers\FileHandler' driver.
DEBUG - 2026-07-14 09:39:12 --> Session: Class initialized using 'CodeIgniter\Session\Handlers\FileHandler' driver.
DEBUG - 2026-07-14 09:39:23 --> Session: Class initialized using 'CodeIgniter\Session\Handlers\FileHandler' driver.
DEBUG - 2026-07-14 09:39:59 --> Session: Class initialized using 'CodeIgniter\Session\Handlers\FileHandler' driver.
DEBUG - 2026-07-14 09:40:30 --> Session: Class initialized using 'CodeIgniter\Session\Handlers\FileHandler' driver.
INFO - 2026-07-14 09:40:30 --> CSRF token verified.
DEBUG - 2026-07-14 09:40:38 --> Session: Class initialized using 'CodeIgniter\Session\Handlers\FileHandler' driver.
INFO - 2026-07-14 09:40:38 --> CSRF token verified.
DEBUG - 2026-07-14 09:40:42 --> Session: Class initialized using 'CodeIgniter\Session\Handlers\FileHandler' driver.
INFO - 2026-07-14 09:40:42 --> CSRF token verified.
DEBUG - 2026-07-14 09:41:03 --> Session: Class initialized using 'CodeIgniter\Session\Handlers\FileHandler' driver.
DEBUG - 2026-07-14 09:41:08 --> Session: Class initialized using 'CodeIgniter\Session\Handlers\FileHandler' driver.
DEBUG - 2026-07-14 09:41:12 --> Session: Class initialized using 'CodeIgniter\Session\Handlers\FileHandler' driver.
DEBUG - 2026-07-14 09:41:16 --> Session: Class initialized using 'CodeIgniter\Session\Handlers\FileHandler' driver.
DEBUG - 2026-07-14 09:41:17 --> Session: Class initialized using 'CodeIgniter\Session\Handlers\FileHandler' driver.
DEBUG - 2026-07-14 09:41:21 --> Session: Class initialized using 'CodeIgniter\Session\Handlers\FileHandler' driver.
DEBUG - 2026-07-14 09:41:47 --> Session: Class initialized using 'CodeIgniter\Session\Handlers\FileHandler' driver.
ERROR - 2026-07-14 09:41:47 --> mysqli_sql_exception: Unknown column 'user_id' in 'WHERE' in /home/jobbcfsf/public_html/vendor/codeigniter4/framework/system/Database/MySQLi/Connection.php:327
Stack trace:
#0 /home/jobbcfsf/public_html/vendor/codeigniter4/framework/system/Database/MySQLi/Connection.php(327): mysqli->query()
#1 /home/jobbcfsf/public_html/vendor/codeigniter4/framework/system/Database/BaseConnection.php(729): CodeIgniter\Database\MySQLi\Connection->execute()
#2 /home/jobbcfsf/public_html/vendor/codeigniter4/framework/system/Database/BaseConnection.php(646): CodeIgniter\Database\BaseConnection->simpleQuery()
#3 /home/jobbcfsf/public_html/vendor/codeigniter4/framework/system/Database/BaseBuilder.php(1649): CodeIgniter\Database\BaseConnection->query()
#4 /home/jobbcfsf/public_html/vendor/codeigniter4/framework/system/Model.php(286): CodeIgniter\Database\BaseBuilder->get()
#5 /home/jobbcfsf/public_html/vendor/codeigniter4/framework/system/BaseModel.php(677): CodeIgniter\Model->doFindAll()
#6 /home/jobbcfsf/public_html/app/Controllers/Home.php(823): CodeIgniter\BaseModel->findAll()
#7 /home/jobbcfsf/public_html/vendor/codeigniter4/framework/system/CodeIgniter.php(933): App\Controllers\Home->jobs()
#8 /home/jobbcfsf/public_html/vendor/codeigniter4/framework/system/CodeIgniter.php(507): CodeIgniter\CodeIgniter->runController()
#9 /home/jobbcfsf/public_html/vendor/codeigniter4/framework/system/CodeIgniter.php(354): CodeIgniter\CodeIgniter->handleRequest()
#10 /home/jobbcfsf/public_html/vendor/codeigniter4/framework/system/Boot.php(363): CodeIgniter\CodeIgniter->run()
#11 /home/jobbcfsf/public_html/vendor/codeigniter4/framework/system/Boot.php(68): CodeIgniter\Boot::runCodeIgniter()
#12 /home/jobbcfsf/public_html/index.php(59): CodeIgniter\Boot::bootWeb()
#13 {main}
CRITICAL - 2026-07-14 09:41:47 --> CodeIgniter\Database\Exceptions\DatabaseException: Unknown column 'user_id' in 'WHERE'
[Method: GET, Route: jobs]
in SYSTEMPATH/Database/BaseConnection.php on line 684.
 1 SYSTEMPATH/Database/BaseBuilder.php(1649): CodeIgniter\Database\BaseConnection->query()
 2 SYSTEMPATH/Model.php(286): CodeIgniter\Database\BaseBuilder->get()
 3 SYSTEMPATH/BaseModel.php(677): CodeIgniter\Model->doFindAll()
 4 APPPATH/Controllers/Home.php(823): CodeIgniter\BaseModel->findAll()
 5 SYSTEMPATH/CodeIgniter.php(933): App\Controllers\Home->jobs()
 6 SYSTEMPATH/CodeIgniter.php(507): CodeIgniter\CodeIgniter->runController()
 7 SYSTEMPATH/CodeIgniter.php(354): CodeIgniter\CodeIgniter->handleRequest()
 8 SYSTEMPATH/Boot.php(363): CodeIgniter\CodeIgniter->run()
 9 SYSTEMPATH/Boot.php(68): CodeIgniter\Boot::runCodeIgniter()
10 FCPATH/index.php(59): CodeIgniter\Boot::bootWeb()
CRITICAL - 2026-07-14 09:41:47 --> [Caused by] CodeIgniter\Database\Exceptions\DatabaseException: Unknown column 'user_id' in 'WHERE'
in SYSTEMPATH/Database/MySQLi/Connection.php on line 332.
 1 SYSTEMPATH/Database/BaseConnection.php(729): CodeIgniter\Database\MySQLi\Connection->execute()
 2 SYSTEMPATH/Database/BaseConnection.php(646): CodeIgniter\Database\BaseConnection->simpleQuery()
 3 SYSTEMPATH/Database/BaseBuilder.php(1649): CodeIgniter\Database\BaseConnection->query()
 4 SYSTEMPATH/Model.php(286): CodeIgniter\Database\BaseBuilder->get()
 5 SYSTEMPATH/BaseModel.php(677): CodeIgniter\Model->doFindAll()
 6 APPPATH/Controllers/Home.php(823): CodeIgniter\BaseModel->findAll()
 7 SYSTEMPATH/CodeIgniter.php(933): App\Controllers\Home->jobs()
 8 SYSTEMPATH/CodeIgniter.php(507): CodeIgniter\CodeIgniter->runController()
 9 SYSTEMPATH/CodeIgniter.php(354): CodeIgniter\CodeIgniter->handleRequest()
10 SYSTEMPATH/Boot.php(363): CodeIgniter\CodeIgniter->run()
11 SYSTEMPATH/Boot.php(68): CodeIgniter\Boot::runCodeIgniter()
12 FCPATH/index.php(59): CodeIgniter\Boot::bootWeb()
CRITICAL - 2026-07-14 09:41:47 --> [Caused by] mysqli_sql_exception: Unknown column 'user_id' in 'WHERE'
in SYSTEMPATH/Database/MySQLi/Connection.php on line 327.
 1 SYSTEMPATH/Database/MySQLi/Connection.php(327): mysqli->query()
 2 SYSTEMPATH/Database/BaseConnection.php(729): CodeIgniter\Database\MySQLi\Connection->execute()
 3 SYSTEMPATH/Database/BaseConnection.php(646): CodeIgniter\Database\BaseConnection->simpleQuery()
 4 SYSTEMPATH/Database/BaseBuilder.php(1649): CodeIgniter\Database\BaseConnection->query()
 5 SYSTEMPATH/Model.php(286): CodeIgniter\Database\BaseBuilder->get()
 6 SYSTEMPATH/BaseModel.php(677): CodeIgniter\Model->doFindAll()
 7 APPPATH/Controllers/Home.php(823): CodeIgniter\BaseModel->findAll()
 8 SYSTEMPATH/CodeIgniter.php(933): App\Controllers\Home->jobs()
 9 SYSTEMPATH/CodeIgniter.php(507): CodeIgniter\CodeIgniter->runController()
10 SYSTEMPATH/CodeIgniter.php(354): CodeIgniter\CodeIgniter->handleRequest()
11 SYSTEMPATH/Boot.php(363): CodeIgniter\CodeIgniter->run()
12 SYSTEMPATH/Boot.php(68): CodeIgniter\Boot::runCodeIgniter()
13 FCPATH/index.php(59): CodeIgniter\Boot::bootWeb()
DEBUG - 2026-07-14 09:41:50 --> Session: Class initialized using 'CodeIgniter\Session\Handlers\FileHandler' driver.
DEBUG - 2026-07-14 09:42:00 --> Session: Class initialized using 'CodeIgniter\Session\Handlers\FileHandler' driver.
DEBUG - 2026-07-14 09:42:10 --> Session: Class initialized using 'CodeIgniter\Session\Handlers\FileHandler' driver.
DEBUG - 2026-07-14 09:43:34 --> Session: Class initialized using 'CodeIgniter\Session\Handlers\FileHandler' driver.
DEBUG - 2026-07-14 09:44:57 --> Session: Class initialized using 'CodeIgniter\Session\Handlers\FileHandler' driver.
DEBUG - 2026-07-14 09:45:09 --> Session: Class initialized using 'CodeIgniter\Session\Handlers\FileHandler' driver.
DEBUG - 2026-07-14 09:46:02 --> Session: Class initialized using 'CodeIgniter\Session\Handlers\FileHandler' driver.
DEBUG - 2026-07-14 09:46:20 --> Session: Class initialized using 'CodeIgniter\Session\Handlers\FileHandler' driver.
DEBUG - 2026-07-14 09:46:36 --> Session: Class initialized using 'CodeIgniter\Session\Handlers\FileHandler' driver.
DEBUG - 2026-07-14 09:47:44 --> Session: Class initialized using 'CodeIgniter\Session\Handlers\FileHandler' driver.
DEBUG - 2026-07-14 09:49:07 --> Session: Class initialized using 'CodeIgniter\Session\Handlers\FileHandler' driver.
DEBUG - 2026-07-14 09:50:38 --> Session: Class initialized using 'CodeIgniter\Session\Handlers\FileHandler' driver.
DEBUG - 2026-07-14 09:51:55 --> Session: Class initialized using 'CodeIgniter\Session\Handlers\FileHandler' driver.
DEBUG - 2026-07-14 09:53:18 --> Session: Class initialized using 'CodeIgniter\Session\Handlers\FileHandler' driver.
DEBUG - 2026-07-14 09:54:42 --> Session: Class initialized using 'CodeIgniter\Session\Handlers\FileHandler' driver.
DEBUG - 2026-07-14 09:54:48 --> Session: Class initialized using 'CodeIgniter\Session\Handlers\FileHandler' driver.
DEBUG - 2026-07-14 09:55:35 --> Session: Class initialized using 'CodeIgniter\Session\Handlers\FileHandler' driver.
DEBUG - 2026-07-14 09:55:36 --> Session: Class initialized using 'CodeIgniter\Session\Handlers\FileHandler' driver.
ERROR - 2026-07-14 09:55:36 --> mysqli_sql_exception: Unknown column 'user_id' in 'WHERE' in /home/jobbcfsf/public_html/vendor/codeigniter4/framework/system/Database/MySQLi/Connection.php:327
Stack trace:
#0 /home/jobbcfsf/public_html/vendor/codeigniter4/framework/system/Database/MySQLi/Connection.php(327): mysqli->query()
#1 /home/jobbcfsf/public_html/vendor/codeigniter4/framework/system/Database/BaseConnection.php(729): CodeIgniter\Database\MySQLi\Connection->execute()
#2 /home/jobbcfsf/public_html/vendor/codeigniter4/framework/system/Database/BaseConnection.php(646): CodeIgniter\Database\BaseConnection->simpleQuery()
#3 /home/jobbcfsf/public_html/vendor/codeigniter4/framework/system/Database/BaseBuilder.php(1733): CodeIgniter\Database\BaseConnection->query()
#4 /home/jobbcfsf/public_html/vendor/codeigniter4/framework/system/Model.php(675): CodeIgniter\Database\BaseBuilder->countAllResults()
#5 /home/jobbcfsf/public_html/app/Models/SavedJobModel.php(47): CodeIgniter\Model->countAllResults()
#6 /home/jobbcfsf/public_html/app/Controllers/Home.php(992): App\Models\SavedJobModel->isSaved()
#7 /home/jobbcfsf/public_html/vendor/codeigniter4/framework/system/CodeIgniter.php(933): App\Controllers\Home->view_job()
#8 /home/jobbcfsf/public_html/vendor/codeigniter4/framework/system/CodeIgniter.php(507): CodeIgniter\CodeIgniter->runController()
#9 /home/jobbcfsf/public_html/vendor/codeigniter4/framework/system/CodeIgniter.php(354): CodeIgniter\CodeIgniter->handleRequest()
#10 /home/jobbcfsf/public_html/vendor/codeigniter4/framework/system/Boot.php(363): CodeIgniter\CodeIgniter->run()
#11 /home/jobbcfsf/public_html/vendor/codeigniter4/framework/system/Boot.php(68): CodeIgniter\Boot::runCodeIgniter()
#12 /home/jobbcfsf/public_html/index.php(59): CodeIgniter\Boot::bootWeb()
#13 {main}
CRITICAL - 2026-07-14 09:55:36 --> CodeIgniter\Database\Exceptions\DatabaseException: Unknown column 'user_id' in 'WHERE'
[Method: GET, Route: jobs/multiple-vacancies-renaissance-africa-energy-company-finance-hr-supply-chai]
in SYSTEMPATH/Database/BaseConnection.php on line 684.
 1 SYSTEMPATH/Database/BaseBuilder.php(1733): CodeIgniter\Database\BaseConnection->query()
 2 SYSTEMPATH/Model.php(675): CodeIgniter\Database\BaseBuilder->countAllResults()
 3 APPPATH/Models/SavedJobModel.php(47): CodeIgniter\Model->countAllResults()
 4 APPPATH/Controllers/Home.php(992): App\Models\SavedJobModel->isSaved()
 5 SYSTEMPATH/CodeIgniter.php(933): App\Controllers\Home->view_job()
 6 SYSTEMPATH/CodeIgniter.php(507): CodeIgniter\CodeIgniter->runController()
 7 SYSTEMPATH/CodeIgniter.php(354): CodeIgniter\CodeIgniter->handleRequest()
 8 SYSTEMPATH/Boot.php(363): CodeIgniter\CodeIgniter->run()
 9 SYSTEMPATH/Boot.php(68): CodeIgniter\Boot::runCodeIgniter()
10 FCPATH/index.php(59): CodeIgniter\Boot::bootWeb()
CRITICAL - 2026-07-14 09:55:36 --> [Caused by] CodeIgniter\Database\Exceptions\DatabaseException: Unknown column 'user_id' in 'WHERE'
in SYSTEMPATH/Database/MySQLi/Connection.php on line 332.
 1 SYSTEMPATH/Database/BaseConnection.php(729): CodeIgniter\Database\MySQLi\Connection->execute()
 2 SYSTEMPATH/Database/BaseConnection.php(646): CodeIgniter\Database\BaseConnection->simpleQuery()
 3 SYSTEMPATH/Database/BaseBuilder.php(1733): CodeIgniter\Database\BaseConnection->query()
 4 SYSTEMPATH/Model.php(675): CodeIgniter\Database\BaseBuilder->countAllResults()
 5 APPPATH/Models/SavedJobModel.php(47): CodeIgniter\Model->countAllResults()
 6 APPPATH/Controllers/Home.php(992): App\Models\SavedJobModel->isSaved()
 7 SYSTEMPATH/CodeIgniter.php(933): App\Controllers\Home->view_job()
 8 SYSTEMPATH/CodeIgniter.php(507): CodeIgniter\CodeIgniter->runController()
 9 SYSTEMPATH/CodeIgniter.php(354): CodeIgniter\CodeIgniter->handleRequest()
10 SYSTEMPATH/Boot.php(363): CodeIgniter\CodeIgniter->run()
11 SYSTEMPATH/Boot.php(68): CodeIgniter\Boot::runCodeIgniter()
12 FCPATH/index.php(59): CodeIgniter\Boot::bootWeb()
CRITICAL - 2026-07-14 09:55:36 --> [Caused by] mysqli_sql_exception: Unknown column 'user_id' in 'WHERE'
in SYSTEMPATH/Database/MySQLi/Connection.php on line 327.
 1 SYSTEMPATH/Database/MySQLi/Connection.php(327): mysqli->query()
 2 SYSTEMPATH/Database/BaseConnection.php(729): CodeIgniter\Database\MySQLi\Connection->execute()
 3 SYSTEMPATH/Database/BaseConnection.php(646): CodeIgniter\Database\BaseConnection->simpleQuery()
 4 SYSTEMPATH/Database/BaseBuilder.php(1733): CodeIgniter\Database\BaseConnection->query()
 5 SYSTEMPATH/Model.php(675): CodeIgniter\Database\BaseBuilder->countAllResults()
 6 APPPATH/Models/SavedJobModel.php(47): CodeIgniter\Model->countAllResults()
 7 APPPATH/Controllers/Home.php(992): App\Models\SavedJobModel->isSaved()
 8 SYSTEMPATH/CodeIgniter.php(933): App\Controllers\Home->view_job()
 9 SYSTEMPATH/CodeIgniter.php(507): CodeIgniter\CodeIgniter->runController()
10 SYSTEMPATH/CodeIgniter.php(354): CodeIgniter\CodeIgniter->handleRequest()
11 SYSTEMPATH/Boot.php(363): CodeIgniter\CodeIgniter->run()
12 SYSTEMPATH/Boot.php(68): CodeIgniter\Boot::runCodeIgniter()
13 FCPATH/index.php(59): CodeIgniter\Boot::bootWeb()
DEBUG - 2026-07-14 09:55:49 --> Session: Class initialized using 'CodeIgniter\Session\Handlers\FileHandler' driver.
DEBUG - 2026-07-14 09:56:05 --> Session: Class initialized using 'CodeIgniter\Session\Handlers\FileHandler' driver.
DEBUG - 2026-07-14 09:57:29 --> Session: Class initialized using 'CodeIgniter\Session\Handlers\FileHandler' driver.
DEBUG - 2026-07-14 09:58:13 --> Session: Class initialized using 'CodeIgniter\Session\Handlers\FileHandler' driver.
ERROR - 2026-07-14 09:58:13 --> mysqli_sql_exception: Unknown column 'user_id' in 'WHERE' in /home/jobbcfsf/public_html/vendor/codeigniter4/framework/system/Database/MySQLi/Connection.php:327
Stack trace:
#0 /home/jobbcfsf/public_html/vendor/codeigniter4/framework/system/Database/MySQLi/Connection.php(327): mysqli->query()
#1 /home/jobbcfsf/public_html/vendor/codeigniter4/framework/system/Database/BaseConnection.php(729): CodeIgniter\Database\MySQLi\Connection->execute()
#2 /home/jobbcfsf/public_html/vendor/codeigniter4/framework/system/Database/BaseConnection.php(646): CodeIgniter\Database\BaseConnection->simpleQuery()
#3 /home/jobbcfsf/public_html/vendor/codeigniter4/framework/system/Database/BaseBuilder.php(1649): CodeIgniter\Database\BaseConnection->query()
#4 /home/jobbcfsf/public_html/vendor/codeigniter4/framework/system/Model.php(286): CodeIgniter\Database\BaseBuilder->get()
#5 /home/jobbcfsf/public_html/vendor/codeigniter4/framework/system/BaseModel.php(677): CodeIgniter\Model->doFindAll()
#6 /home/jobbcfsf/public_html/app/Controllers/Home.php(823): CodeIgniter\BaseModel->findAll()
#7 /home/jobbcfsf/public_html/vendor/codeigniter4/framework/system/CodeIgniter.php(933): App\Controllers\Home->jobs()
#8 /home/jobbcfsf/public_html/vendor/codeigniter4/framework/system/CodeIgniter.php(507): CodeIgniter\CodeIgniter->runController()
#9 /home/jobbcfsf/public_html/vendor/codeigniter4/framework/system/CodeIgniter.php(354): CodeIgniter\CodeIgniter->handleRequest()
#10 /home/jobbcfsf/public_html/vendor/codeigniter4/framework/system/Boot.php(363): CodeIgniter\CodeIgniter->run()
#11 /home/jobbcfsf/public_html/vendor/codeigniter4/framework/system/Boot.php(68): CodeIgniter\Boot::runCodeIgniter()
#12 /home/jobbcfsf/public_html/index.php(59): CodeIgniter\Boot::bootWeb()
#13 {main}
CRITICAL - 2026-07-14 09:58:13 --> CodeIgniter\Database\Exceptions\DatabaseException: Unknown column 'user_id' in 'WHERE'
[Method: GET, Route: jobs]
in SYSTEMPATH/Database/BaseConnection.php on line 684.
 1 SYSTEMPATH/Database/BaseBuilder.php(1649): CodeIgniter\Database\BaseConnection->query()
 2 SYSTEMPATH/Model.php(286): CodeIgniter\Database\BaseBuilder->get()
 3 SYSTEMPATH/BaseModel.php(677): CodeIgniter\Model->doFindAll()
 4 APPPATH/Controllers/Home.php(823): CodeIgniter\BaseModel->findAll()
 5 SYSTEMPATH/CodeIgniter.php(933): App\Controllers\Home->jobs()
 6 SYSTEMPATH/CodeIgniter.php(507): CodeIgniter\CodeIgniter->runController()
 7 SYSTEMPATH/CodeIgniter.php(354): CodeIgniter\CodeIgniter->handleRequest()
 8 SYSTEMPATH/Boot.php(363): CodeIgniter\CodeIgniter->run()
 9 SYSTEMPATH/Boot.php(68): CodeIgniter\Boot::runCodeIgniter()
10 FCPATH/index.php(59): CodeIgniter\Boot::bootWeb()
CRITICAL - 2026-07-14 09:58:13 --> [Caused by] CodeIgniter\Database\Exceptions\DatabaseException: Unknown column 'user_id' in 'WHERE'
in SYSTEMPATH/Database/MySQLi/Connection.php on line 332.
 1 SYSTEMPATH/Database/BaseConnection.php(729): CodeIgniter\Database\MySQLi\Connection->execute()
 2 SYSTEMPATH/Database/BaseConnection.php(646): CodeIgniter\Database\BaseConnection->simpleQuery()
 3 SYSTEMPATH/Database/BaseBuilder.php(1649): CodeIgniter\Database\BaseConnection->query()
 4 SYSTEMPATH/Model.php(286): CodeIgniter\Database\BaseBuilder->get()
 5 SYSTEMPATH/BaseModel.php(677): CodeIgniter\Model->doFindAll()
 6 APPPATH/Controllers/Home.php(823): CodeIgniter\BaseModel->findAll()
 7 SYSTEMPATH/CodeIgniter.php(933): App\Controllers\Home->jobs()
 8 SYSTEMPATH/CodeIgniter.php(507): CodeIgniter\CodeIgniter->runController()
 9 SYSTEMPATH/CodeIgniter.php(354): CodeIgniter\CodeIgniter->handleRequest()
10 SYSTEMPATH/Boot.php(363): CodeIgniter\CodeIgniter->run()
11 SYSTEMPATH/Boot.php(68): CodeIgniter\Boot::runCodeIgniter()
12 FCPATH/index.php(59): CodeIgniter\Boot::bootWeb()
CRITICAL - 2026-07-14 09:58:13 --> [Caused by] mysqli_sql_exception: Unknown column 'user_id' in 'WHERE'
in SYSTEMPATH/Database/MySQLi/Connection.php on line 327.
 1 SYSTEMPATH/Database/MySQLi/Connection.php(327): mysqli->query()
 2 SYSTEMPATH/Database/BaseConnection.php(729): CodeIgniter\Database\MySQLi\Connection->execute()
 3 SYSTEMPATH/Database/BaseConnection.php(646): CodeIgniter\Database\BaseConnection->simpleQuery()
 4 SYSTEMPATH/Database/BaseBuilder.php(1649): CodeIgniter\Database\BaseConnection->query()
 5 SYSTEMPATH/Model.php(286): CodeIgniter\Database\BaseBuilder->get()
 6 SYSTEMPATH/BaseModel.php(677): CodeIgniter\Model->doFindAll()
 7 APPPATH/Controllers/Home.php(823): CodeIgniter\BaseModel->findAll()
 8 SYSTEMPATH/CodeIgniter.php(933): App\Controllers\Home->jobs()
 9 SYSTEMPATH/CodeIgniter.php(507): CodeIgniter\CodeIgniter->runController()
10 SYSTEMPATH/CodeIgniter.php(354): CodeIgniter\CodeIgniter->handleRequest()
11 SYSTEMPATH/Boot.php(363): CodeIgniter\CodeIgniter->run()
12 SYSTEMPATH/Boot.php(68): CodeIgniter\Boot::runCodeIgniter()
13 FCPATH/index.php(59): CodeIgniter\Boot::bootWeb()
DEBUG - 2026-07-14 09:58:16 --> Session: Class initialized using 'CodeIgniter\Session\Handlers\FileHandler' driver.
DEBUG - 2026-07-14 09:58:21 --> Session: Class initialized using 'CodeIgniter\Session\Handlers\FileHandler' driver.
ERROR - 2026-07-14 09:58:21 --> mysqli_sql_exception: Unknown column 'user_id' in 'WHERE' in /home/jobbcfsf/public_html/vendor/codeigniter4/framework/system/Database/MySQLi/Connection.php:327
Stack trace:
#0 /home/jobbcfsf/public_html/vendor/codeigniter4/framework/system/Database/MySQLi/Connection.php(327): mysqli->query()
#1 /home/jobbcfsf/public_html/vendor/codeigniter4/framework/system/Database/BaseConnection.php(729): CodeIgniter\Database\MySQLi\Connection->execute()
#2 /home/jobbcfsf/public_html/vendor/codeigniter4/framework/system/Database/BaseConnection.php(646): CodeIgniter\Database\BaseConnection->simpleQuery()
#3 /home/jobbcfsf/public_html/vendor/codeigniter4/framework/system/Database/BaseBuilder.php(1649): CodeIgniter\Database\BaseConnection->query()
#4 /home/jobbcfsf/public_html/vendor/codeigniter4/framework/system/Model.php(286): CodeIgniter\Database\BaseBuilder->get()
#5 /home/jobbcfsf/public_html/vendor/codeigniter4/framework/system/BaseModel.php(677): CodeIgniter\Model->doFindAll()
#6 /home/jobbcfsf/public_html/app/Controllers/Home.php(823): CodeIgniter\BaseModel->findAll()
#7 /home/jobbcfsf/public_html/vendor/codeigniter4/framework/system/CodeIgniter.php(933): App\Controllers\Home->jobs()
#8 /home/jobbcfsf/public_html/vendor/codeigniter4/framework/system/CodeIgniter.php(507): CodeIgniter\CodeIgniter->runController()
#9 /home/jobbcfsf/public_html/vendor/codeigniter4/framework/system/CodeIgniter.php(354): CodeIgniter\CodeIgniter->handleRequest()
#10 /home/jobbcfsf/public_html/vendor/codeigniter4/framework/system/Boot.php(363): CodeIgniter\CodeIgniter->run()
#11 /home/jobbcfsf/public_html/vendor/codeigniter4/framework/system/Boot.php(68): CodeIgniter\Boot::runCodeIgniter()
#12 /home/jobbcfsf/public_html/index.php(59): CodeIgniter\Boot::bootWeb()
#13 {main}
CRITICAL - 2026-07-14 09:58:21 --> CodeIgniter\Database\Exceptions\DatabaseException: Unknown column 'user_id' in 'WHERE'
[Method: GET, Route: jobs]
in SYSTEMPATH/Database/BaseConnection.php on line 684.
 1 SYSTEMPATH/Database/BaseBuilder.php(1649): CodeIgniter\Database\BaseConnection->query()
 2 SYSTEMPATH/Model.php(286): CodeIgniter\Database\BaseBuilder->get()
 3 SYSTEMPATH/BaseModel.php(677): CodeIgniter\Model->doFindAll()
 4 APPPATH/Controllers/Home.php(823): CodeIgniter\BaseModel->findAll()
 5 SYSTEMPATH/CodeIgniter.php(933): App\Controllers\Home->jobs()
 6 SYSTEMPATH/CodeIgniter.php(507): CodeIgniter\CodeIgniter->runController()
 7 SYSTEMPATH/CodeIgniter.php(354): CodeIgniter\CodeIgniter->handleRequest()
 8 SYSTEMPATH/Boot.php(363): CodeIgniter\CodeIgniter->run()
 9 SYSTEMPATH/Boot.php(68): CodeIgniter\Boot::runCodeIgniter()
10 FCPATH/index.php(59): CodeIgniter\Boot::bootWeb()
CRITICAL - 2026-07-14 09:58:21 --> [Caused by] CodeIgniter\Database\Exceptions\DatabaseException: Unknown column 'user_id' in 'WHERE'
in SYSTEMPATH/Database/MySQLi/Connection.php on line 332.
 1 SYSTEMPATH/Database/BaseConnection.php(729): CodeIgniter\Database\MySQLi\Connection->execute()
 2 SYSTEMPATH/Database/BaseConnection.php(646): CodeIgniter\Database\BaseConnection->simpleQuery()
 3 SYSTEMPATH/Database/BaseBuilder.php(1649): CodeIgniter\Database\BaseConnection->query()
 4 SYSTEMPATH/Model.php(286): CodeIgniter\Database\BaseBuilder->get()
 5 SYSTEMPATH/BaseModel.php(677): CodeIgniter\Model->doFindAll()
 6 APPPATH/Controllers/Home.php(823): CodeIgniter\BaseModel->findAll()
 7 SYSTEMPATH/CodeIgniter.php(933): App\Controllers\Home->jobs()
 8 SYSTEMPATH/CodeIgniter.php(507): CodeIgniter\CodeIgniter->runController()
 9 SYSTEMPATH/CodeIgniter.php(354): CodeIgniter\CodeIgniter->handleRequest()
10 SYSTEMPATH/Boot.php(363): CodeIgniter\CodeIgniter->run()
11 SYSTEMPATH/Boot.php(68): CodeIgniter\Boot::runCodeIgniter()
12 FCPATH/index.php(59): CodeIgniter\Boot::bootWeb()
CRITICAL - 2026-07-14 09:58:21 --> [Caused by] mysqli_sql_exception: Unknown column 'user_id' in 'WHERE'
in SYSTEMPATH/Database/MySQLi/Connection.php on line 327.
 1 SYSTEMPATH/Database/MySQLi/Connection.php(327): mysqli->query()
 2 SYSTEMPATH/Database/BaseConnection.php(729): CodeIgniter\Database\MySQLi\Connection->execute()
 3 SYSTEMPATH/Database/BaseConnection.php(646): CodeIgniter\Database\BaseConnection->simpleQuery()
 4 SYSTEMPATH/Database/BaseBuilder.php(1649): CodeIgniter\Database\BaseConnection->query()
 5 SYSTEMPATH/Model.php(286): CodeIgniter\Database\BaseBuilder->get()
 6 SYSTEMPATH/BaseModel.php(677): CodeIgniter\Model->doFindAll()
 7 APPPATH/Controllers/Home.php(823): CodeIgniter\BaseModel->findAll()
 8 SYSTEMPATH/CodeIgniter.php(933): App\Controllers\Home->jobs()
 9 SYSTEMPATH/CodeIgniter.php(507): CodeIgniter\CodeIgniter->runController()
10 SYSTEMPATH/CodeIgniter.php(354): CodeIgniter\CodeIgniter->handleRequest()
11 SYSTEMPATH/Boot.php(363): CodeIgniter\CodeIgniter->run()
12 SYSTEMPATH/Boot.php(68): CodeIgniter\Boot::runCodeIgniter()
13 FCPATH/index.php(59): CodeIgniter\Boot::bootWeb()
DEBUG - 2026-07-14 09:58:24 --> Session: Class initialized using 'CodeIgniter\Session\Handlers\FileHandler' driver.
DEBUG - 2026-07-14 09:58:52 --> Session: Class initialized using 'CodeIgniter\Session\Handlers\FileHandler' driver.
DEBUG - 2026-07-14 10:00:16 --> Session: Class initialized using 'CodeIgniter\Session\Handlers\FileHandler' driver.
DEBUG - 2026-07-14 10:01:39 --> Session: Class initialized using 'CodeIgniter\Session\Handlers\FileHandler' driver.
DEBUG - 2026-07-14 10:01:59 --> Session: Class initialized using 'CodeIgniter\Session\Handlers\FileHandler' driver.
DEBUG - 2026-07-14 10:03:03 --> Session: Class initialized using 'CodeIgniter\Session\Handlers\FileHandler' driver.
DEBUG - 2026-07-14 10:04:26 --> Session: Class initialized using 'CodeIgniter\Session\Handlers\FileHandler' driver.
DEBUG - 2026-07-14 10:05:50 --> Session: Class initialized using 'CodeIgniter\Session\Handlers\FileHandler' driver.
DEBUG - 2026-07-14 10:07:13 --> Session: Class initialized using 'CodeIgniter\Session\Handlers\FileHandler' driver.
DEBUG - 2026-07-14 10:08:37 --> Session: Class initialized using 'CodeIgniter\Session\Handlers\FileHandler' driver.
DEBUG - 2026-07-14 10:10:00 --> Session: Class initialized using 'CodeIgniter\Session\Handlers\FileHandler' driver.
DEBUG - 2026-07-14 10:10:29 --> Session: Class initialized using 'CodeIgniter\Session\Handlers\FileHandler' driver.
DEBUG - 2026-07-14 10:11:24 --> Session: Class initialized using 'CodeIgniter\Session\Handlers\FileHandler' driver.
DEBUG - 2026-07-14 10:12:47 --> Session: Class initialized using 'CodeIgniter\Session\Handlers\FileHandler' driver.
DEBUG - 2026-07-14 10:14:14 --> Session: Class initialized using 'CodeIgniter\Session\Handlers\FileHandler' driver.
DEBUG - 2026-07-14 10:14:18 --> Session: Class initialized using 'CodeIgniter\Session\Handlers\FileHandler' driver.
DEBUG - 2026-07-14 10:14:18 --> Session: Class initialized using 'CodeIgniter\Session\Handlers\FileHandler' driver.
DEBUG - 2026-07-14 10:16:04 --> Session: Class initialized using 'CodeIgniter\Session\Handlers\FileHandler' driver.
DEBUG - 2026-07-14 10:16:59 --> Session: Class initialized using 'CodeIgniter\Session\Handlers\FileHandler' driver.
DEBUG - 2026-07-14 10:18:22 --> Session: Class initialized using 'CodeIgniter\Session\Handlers\FileHandler' driver.
DEBUG - 2026-07-14 10:19:45 --> Session: Class initialized using 'CodeIgniter\Session\Handlers\FileHandler' driver.
DEBUG - 2026-07-14 10:21:09 --> Session: Class initialized using 'CodeIgniter\Session\Handlers\FileHandler' driver.
DEBUG - 2026-07-14 10:22:33 --> Session: Class initialized using 'CodeIgniter\Session\Handlers\FileHandler' driver.
DEBUG - 2026-07-14 10:23:39 --> Session: Class initialized using 'CodeIgniter\Session\Handlers\FileHandler' driver.
DEBUG - 2026-07-14 10:23:56 --> Session: Class initialized using 'CodeIgniter\Session\Handlers\FileHandler' driver.
DEBUG - 2026-07-14 10:26:41 --> Session: Class initialized using 'CodeIgniter\Session\Handlers\FileHandler' driver.
DEBUG - 2026-07-14 10:26:43 --> Session: Class initialized using 'CodeIgniter\Session\Handlers\FileHandler' driver.
DEBUG - 2026-07-14 10:28:07 --> Session: Class initialized using 'CodeIgniter\Session\Handlers\FileHandler' driver.
DEBUG - 2026-07-14 10:28:41 --> Session: Class initialized using 'CodeIgniter\Session\Handlers\FileHandler' driver.
DEBUG - 2026-07-14 10:29:30 --> Session: Class initialized using 'CodeIgniter\Session\Handlers\FileHandler' driver.
DEBUG - 2026-07-14 10:30:54 --> Session: Class initialized using 'CodeIgniter\Session\Handlers\FileHandler' driver.
DEBUG - 2026-07-14 10:32:17 --> Session: Class initialized using 'CodeIgniter\Session\Handlers\FileHandler' driver.
DEBUG - 2026-07-14 10:33:41 --> Session: Class initialized using 'CodeIgniter\Session\Handlers\FileHandler' driver.
DEBUG - 2026-07-14 10:35:05 --> Session: Class initialized using 'CodeIgniter\Session\Handlers\FileHandler' driver.
DEBUG - 2026-07-14 10:36:28 --> Session: Class initialized using 'CodeIgniter\Session\Handlers\FileHandler' driver.
DEBUG - 2026-07-14 10:36:45 --> Session: Class initialized using 'CodeIgniter\Session\Handlers\FileHandler' driver.
DEBUG - 2026-07-14 10:36:55 --> Session: Class initialized using 'CodeIgniter\Session\Handlers\FileHandler' driver.
DEBUG - 2026-07-14 10:37:05 --> Session: Class initialized using 'CodeIgniter\Session\Handlers\FileHandler' driver.
ERROR - 2026-07-14 10:37:05 --> mysqli_sql_exception: Unknown column 'user_id' in 'WHERE' in /home/jobbcfsf/public_html/vendor/codeigniter4/framework/system/Database/MySQLi/Connection.php:327
Stack trace:
#0 /home/jobbcfsf/public_html/vendor/codeigniter4/framework/system/Database/MySQLi/Connection.php(327): mysqli->query()
#1 /home/jobbcfsf/public_html/vendor/codeigniter4/framework/system/Database/BaseConnection.php(729): CodeIgniter\Database\MySQLi\Connection->execute()
#2 /home/jobbcfsf/public_html/vendor/codeigniter4/framework/system/Database/BaseConnection.php(646): CodeIgniter\Database\BaseConnection->simpleQuery()
#3 /home/jobbcfsf/public_html/vendor/codeigniter4/framework/system/Database/BaseBuilder.php(1649): CodeIgniter\Database\BaseConnection->query()
#4 /home/jobbcfsf/public_html/vendor/codeigniter4/framework/system/Model.php(286): CodeIgniter\Database\BaseBuilder->get()
#5 /home/jobbcfsf/public_html/vendor/codeigniter4/framework/system/BaseModel.php(677): CodeIgniter\Model->doFindAll()
#6 /home/jobbcfsf/public_html/app/Controllers/Home.php(823): CodeIgniter\BaseModel->findAll()
#7 /home/jobbcfsf/public_html/vendor/codeigniter4/framework/system/CodeIgniter.php(933): App\Controllers\Home->jobs()
#8 /home/jobbcfsf/public_html/vendor/codeigniter4/framework/system/CodeIgniter.php(507): CodeIgniter\CodeIgniter->runController()
#9 /home/jobbcfsf/public_html/vendor/codeigniter4/framework/system/CodeIgniter.php(354): CodeIgniter\CodeIgniter->handleRequest()
#10 /home/jobbcfsf/public_html/vendor/codeigniter4/framework/system/Boot.php(363): CodeIgniter\CodeIgniter->run()
#11 /home/jobbcfsf/public_html/vendor/codeigniter4/framework/system/Boot.php(68): CodeIgniter\Boot::runCodeIgniter()
#12 /home/jobbcfsf/public_html/index.php(59): CodeIgniter\Boot::bootWeb()
#13 {main}
CRITICAL - 2026-07-14 10:37:05 --> CodeIgniter\Database\Exceptions\DatabaseException: Unknown column 'user_id' in 'WHERE'
[Method: GET, Route: jobs]
in SYSTEMPATH/Database/BaseConnection.php on line 684.
 1 SYSTEMPATH/Database/BaseBuilder.php(1649): CodeIgniter\Database\BaseConnection->query()
 2 SYSTEMPATH/Model.php(286): CodeIgniter\Database\BaseBuilder->get()
 3 SYSTEMPATH/BaseModel.php(677): CodeIgniter\Model->doFindAll()
 4 APPPATH/Controllers/Home.php(823): CodeIgniter\BaseModel->findAll()
 5 SYSTEMPATH/CodeIgniter.php(933): App\Controllers\Home->jobs()
 6 SYSTEMPATH/CodeIgniter.php(507): CodeIgniter\CodeIgniter->runController()
 7 SYSTEMPATH/CodeIgniter.php(354): CodeIgniter\CodeIgniter->handleRequest()
 8 SYSTEMPATH/Boot.php(363): CodeIgniter\CodeIgniter->run()
 9 SYSTEMPATH/Boot.php(68): CodeIgniter\Boot::runCodeIgniter()
10 FCPATH/index.php(59): CodeIgniter\Boot::bootWeb()
CRITICAL - 2026-07-14 10:37:05 --> [Caused by] CodeIgniter\Database\Exceptions\DatabaseException: Unknown column 'user_id' in 'WHERE'
in SYSTEMPATH/Database/MySQLi/Connection.php on line 332.
 1 SYSTEMPATH/Database/BaseConnection.php(729): CodeIgniter\Database\MySQLi\Connection->execute()
 2 SYSTEMPATH/Database/BaseConnection.php(646): CodeIgniter\Database\BaseConnection->simpleQuery()
 3 SYSTEMPATH/Database/BaseBuilder.php(1649): CodeIgniter\Database\BaseConnection->query()
 4 SYSTEMPATH/Model.php(286): CodeIgniter\Database\BaseBuilder->get()
 5 SYSTEMPATH/BaseModel.php(677): CodeIgniter\Model->doFindAll()
 6 APPPATH/Controllers/Home.php(823): CodeIgniter\BaseModel->findAll()
 7 SYSTEMPATH/CodeIgniter.php(933): App\Controllers\Home->jobs()
 8 SYSTEMPATH/CodeIgniter.php(507): CodeIgniter\CodeIgniter->runController()
 9 SYSTEMPATH/CodeIgniter.php(354): CodeIgniter\CodeIgniter->handleRequest()
10 SYSTEMPATH/Boot.php(363): CodeIgniter\CodeIgniter->run()
11 SYSTEMPATH/Boot.php(68): CodeIgniter\Boot::runCodeIgniter()
12 FCPATH/index.php(59): CodeIgniter\Boot::bootWeb()
CRITICAL - 2026-07-14 10:37:05 --> [Caused by] mysqli_sql_exception: Unknown column 'user_id' in 'WHERE'
in SYSTEMPATH/Database/MySQLi/Connection.php on line 327.
 1 SYSTEMPATH/Database/MySQLi/Connection.php(327): mysqli->query()
 2 SYSTEMPATH/Database/BaseConnection.php(729): CodeIgniter\Database\MySQLi\Connection->execute()
 3 SYSTEMPATH/Database/BaseConnection.php(646): CodeIgniter\Database\BaseConnection->simpleQuery()
 4 SYSTEMPATH/Database/BaseBuilder.php(1649): CodeIgniter\Database\BaseConnection->query()
 5 SYSTEMPATH/Model.php(286): CodeIgniter\Database\BaseBuilder->get()
 6 SYSTEMPATH/BaseModel.php(677): CodeIgniter\Model->doFindAll()
 7 APPPATH/Controllers/Home.php(823): CodeIgniter\BaseModel->findAll()
 8 SYSTEMPATH/CodeIgniter.php(933): App\Controllers\Home->jobs()
 9 SYSTEMPATH/CodeIgniter.php(507): CodeIgniter\CodeIgniter->runController()
10 SYSTEMPATH/CodeIgniter.php(354): CodeIgniter\CodeIgniter->handleRequest()
11 SYSTEMPATH/Boot.php(363): CodeIgniter\CodeIgniter->run()
12 SYSTEMPATH/Boot.php(68): CodeIgniter\Boot::runCodeIgniter()
13 FCPATH/index.php(59): CodeIgniter\Boot::bootWeb()
DEBUG - 2026-07-14 10:37:05 --> Session: Class initialized using 'CodeIgniter\Session\Handlers\FileHandler' driver.
DEBUG - 2026-07-14 10:37:21 --> Session: Class initialized using 'CodeIgniter\Session\Handlers\FileHandler' driver.
ERROR - 2026-07-14 10:37:21 --> mysqli_sql_exception: Unknown column 'user_id' in 'WHERE' in /home/jobbcfsf/public_html/vendor/codeigniter4/framework/system/Database/MySQLi/Connection.php:327
Stack trace:
#0 /home/jobbcfsf/public_html/vendor/codeigniter4/framework/system/Database/MySQLi/Connection.php(327): mysqli->query()
#1 /home/jobbcfsf/public_html/vendor/codeigniter4/framework/system/Database/BaseConnection.php(729): CodeIgniter\Database\MySQLi\Connection->execute()
#2 /home/jobbcfsf/public_html/vendor/codeigniter4/framework/system/Database/BaseConnection.php(646): CodeIgniter\Database\BaseConnection->simpleQuery()
#3 /home/jobbcfsf/public_html/vendor/codeigniter4/framework/system/Database/BaseBuilder.php(1649): CodeIgniter\Database\BaseConnection->query()
#4 /home/jobbcfsf/public_html/vendor/codeigniter4/framework/system/Model.php(286): CodeIgniter\Database\BaseBuilder->get()
#5 /home/jobbcfsf/public_html/vendor/codeigniter4/framework/system/BaseModel.php(677): CodeIgniter\Model->doFindAll()
#6 /home/jobbcfsf/public_html/app/Controllers/Home.php(823): CodeIgniter\BaseModel->findAll()
#7 /home/jobbcfsf/public_html/vendor/codeigniter4/framework/system/CodeIgniter.php(933): App\Controllers\Home->jobs()
#8 /home/jobbcfsf/public_html/vendor/codeigniter4/framework/system/CodeIgniter.php(507): CodeIgniter\CodeIgniter->runController()
#9 /home/jobbcfsf/public_html/vendor/codeigniter4/framework/system/CodeIgniter.php(354): CodeIgniter\CodeIgniter->handleRequest()
#10 /home/jobbcfsf/public_html/vendor/codeigniter4/framework/system/Boot.php(363): CodeIgniter\CodeIgniter->run()
#11 /home/jobbcfsf/public_html/vendor/codeigniter4/framework/system/Boot.php(68): CodeIgniter\Boot::runCodeIgniter()
#12 /home/jobbcfsf/public_html/index.php(59): CodeIgniter\Boot::bootWeb()
#13 {main}
CRITICAL - 2026-07-14 10:37:21 --> CodeIgniter\Database\Exceptions\DatabaseException: Unknown column 'user_id' in 'WHERE'
[Method: GET, Route: jobs]
in SYSTEMPATH/Database/BaseConnection.php on line 684.
 1 SYSTEMPATH/Database/BaseBuilder.php(1649): CodeIgniter\Database\BaseConnection->query()
 2 SYSTEMPATH/Model.php(286): CodeIgniter\Database\BaseBuilder->get()
 3 SYSTEMPATH/BaseModel.php(677): CodeIgniter\Model->doFindAll()
 4 APPPATH/Controllers/Home.php(823): CodeIgniter\BaseModel->findAll()
 5 SYSTEMPATH/CodeIgniter.php(933): App\Controllers\Home->jobs()
 6 SYSTEMPATH/CodeIgniter.php(507): CodeIgniter\CodeIgniter->runController()
 7 SYSTEMPATH/CodeIgniter.php(354): CodeIgniter\CodeIgniter->handleRequest()
 8 SYSTEMPATH/Boot.php(363): CodeIgniter\CodeIgniter->run()
 9 SYSTEMPATH/Boot.php(68): CodeIgniter\Boot::runCodeIgniter()
10 FCPATH/index.php(59): CodeIgniter\Boot::bootWeb()
CRITICAL - 2026-07-14 10:37:21 --> [Caused by] CodeIgniter\Database\Exceptions\DatabaseException: Unknown column 'user_id' in 'WHERE'
in SYSTEMPATH/Database/MySQLi/Connection.php on line 332.
 1 SYSTEMPATH/Database/BaseConnection.php(729): CodeIgniter\Database\MySQLi\Connection->execute()
 2 SYSTEMPATH/Database/BaseConnection.php(646): CodeIgniter\Database\BaseConnection->simpleQuery()
 3 SYSTEMPATH/Database/BaseBuilder.php(1649): CodeIgniter\Database\BaseConnection->query()
 4 SYSTEMPATH/Model.php(286): CodeIgniter\Database\BaseBuilder->get()
 5 SYSTEMPATH/BaseModel.php(677): CodeIgniter\Model->doFindAll()
 6 APPPATH/Controllers/Home.php(823): CodeIgniter\BaseModel->findAll()
 7 SYSTEMPATH/CodeIgniter.php(933): App\Controllers\Home->jobs()
 8 SYSTEMPATH/CodeIgniter.php(507): CodeIgniter\CodeIgniter->runController()
 9 SYSTEMPATH/CodeIgniter.php(354): CodeIgniter\CodeIgniter->handleRequest()
10 SYSTEMPATH/Boot.php(363): CodeIgniter\CodeIgniter->run()
11 SYSTEMPATH/Boot.php(68): CodeIgniter\Boot::runCodeIgniter()
12 FCPATH/index.php(59): CodeIgniter\Boot::bootWeb()
CRITICAL - 2026-07-14 10:37:21 --> [Caused by] mysqli_sql_exception: Unknown column 'user_id' in 'WHERE'
in SYSTEMPATH/Database/MySQLi/Connection.php on line 327.
 1 SYSTEMPATH/Database/MySQLi/Connection.php(327): mysqli->query()
 2 SYSTEMPATH/Database/BaseConnection.php(729): CodeIgniter\Database\MySQLi\Connection->execute()
 3 SYSTEMPATH/Database/BaseConnection.php(646): CodeIgniter\Database\BaseConnection->simpleQuery()
 4 SYSTEMPATH/Database/BaseBuilder.php(1649): CodeIgniter\Database\BaseConnection->query()
 5 SYSTEMPATH/Model.php(286): CodeIgniter\Database\BaseBuilder->get()
 6 SYSTEMPATH/BaseModel.php(677): CodeIgniter\Model->doFindAll()
 7 APPPATH/Controllers/Home.php(823): CodeIgniter\BaseModel->findAll()
 8 SYSTEMPATH/CodeIgniter.php(933): App\Controllers\Home->jobs()
 9 SYSTEMPATH/CodeIgniter.php(507): CodeIgniter\CodeIgniter->runController()
10 SYSTEMPATH/CodeIgniter.php(354): CodeIgniter\CodeIgniter->handleRequest()
11 SYSTEMPATH/Boot.php(363): CodeIgniter\CodeIgniter->run()
12 SYSTEMPATH/Boot.php(68): CodeIgniter\Boot::runCodeIgniter()
13 FCPATH/index.php(59): CodeIgniter\Boot::bootWeb()
DEBUG - 2026-07-14 10:37:23 --> Session: Class initialized using 'CodeIgniter\Session\Handlers\FileHandler' driver.
DEBUG - 2026-07-14 10:37:52 --> Session: Class initialized using 'CodeIgniter\Session\Handlers\FileHandler' driver.
DEBUG - 2026-07-14 10:37:53 --> Session: Class initialized using 'CodeIgniter\Session\Handlers\FileHandler' driver.
CRITICAL - 2026-07-14 10:37:53 --> CodeIgniter\Security\Exceptions\SecurityException: The action you requested is not allowed.
[Method: POST, Route: jobs/toggle-save/47]
in SYSTEMPATH/Security/Security.php on line 262.
 1 SYSTEMPATH/Security/Security.php(262): CodeIgniter\Security\Exceptions\SecurityException::forDisallowedAction()
 2 SYSTEMPATH/Filters/CSRF.php(52): CodeIgniter\Security\Security->verify()
 3 SYSTEMPATH/Filters/Filters.php(241): CodeIgniter\Filters\CSRF->before()
 4 SYSTEMPATH/Filters/Filters.php(221): CodeIgniter\Filters\Filters->runBefore()
 5 SYSTEMPATH/CodeIgniter.php(479): CodeIgniter\Filters\Filters->run()
 6 SYSTEMPATH/CodeIgniter.php(354): CodeIgniter\CodeIgniter->handleRequest()
 7 SYSTEMPATH/Boot.php(363): CodeIgniter\CodeIgniter->run()
 8 SYSTEMPATH/Boot.php(68): CodeIgniter\Boot::runCodeIgniter()
 9 FCPATH/index.php(59): CodeIgniter\Boot::bootWeb()
DEBUG - 2026-07-14 10:37:55 --> Session: Class initialized using 'CodeIgniter\Session\Handlers\FileHandler' driver.
CRITICAL - 2026-07-14 10:37:55 --> CodeIgniter\Security\Exceptions\SecurityException: The action you requested is not allowed.
[Method: POST, Route: jobs/toggle-save/47]
in SYSTEMPATH/Security/Security.php on line 262.
 1 SYSTEMPATH/Security/Security.php(262): CodeIgniter\Security\Exceptions\SecurityException::forDisallowedAction()
 2 SYSTEMPATH/Filters/CSRF.php(52): CodeIgniter\Security\Security->verify()
 3 SYSTEMPATH/Filters/Filters.php(241): CodeIgniter\Filters\CSRF->before()
 4 SYSTEMPATH/Filters/Filters.php(221): CodeIgniter\Filters\Filters->runBefore()
 5 SYSTEMPATH/CodeIgniter.php(479): CodeIgniter\Filters\Filters->run()
 6 SYSTEMPATH/CodeIgniter.php(354): CodeIgniter\CodeIgniter->handleRequest()
 7 SYSTEMPATH/Boot.php(363): CodeIgniter\CodeIgniter->run()
 8 SYSTEMPATH/Boot.php(68): CodeIgniter\Boot::runCodeIgniter()
 9 FCPATH/index.php(59): CodeIgniter\Boot::bootWeb()
DEBUG - 2026-07-14 10:37:56 --> Session: Class initialized using 'CodeIgniter\Session\Handlers\FileHandler' driver.
CRITICAL - 2026-07-14 10:37:56 --> CodeIgniter\Security\Exceptions\SecurityException: The action you requested is not allowed.
[Method: POST, Route: jobs/toggle-save/47]
in SYSTEMPATH/Security/Security.php on line 262.
 1 SYSTEMPATH/Security/Security.php(262): CodeIgniter\Security\Exceptions\SecurityException::forDisallowedAction()
 2 SYSTEMPATH/Filters/CSRF.php(52): CodeIgniter\Security\Security->verify()
 3 SYSTEMPATH/Filters/Filters.php(241): CodeIgniter\Filters\CSRF->before()
 4 SYSTEMPATH/Filters/Filters.php(221): CodeIgniter\Filters\Filters->runBefore()
 5 SYSTEMPATH/CodeIgniter.php(479): CodeIgniter\Filters\Filters->run()
 6 SYSTEMPATH/CodeIgniter.php(354): CodeIgniter\CodeIgniter->handleRequest()
 7 SYSTEMPATH/Boot.php(363): CodeIgniter\CodeIgniter->run()
 8 SYSTEMPATH/Boot.php(68): CodeIgniter\Boot::runCodeIgniter()
 9 FCPATH/index.php(59): CodeIgniter\Boot::bootWeb()
DEBUG - 2026-07-14 10:37:58 --> Session: Class initialized using 'CodeIgniter\Session\Handlers\FileHandler' driver.
DEBUG - 2026-07-14 10:37:58 --> Session: Class initialized using 'CodeIgniter\Session\Handlers\FileHandler' driver.
ERROR - 2026-07-14 10:37:58 --> mysqli_sql_exception: Unknown column 'user_id' in 'WHERE' in /home/jobbcfsf/public_html/vendor/codeigniter4/framework/system/Database/MySQLi/Connection.php:327
Stack trace:
#0 /home/jobbcfsf/public_html/vendor/codeigniter4/framework/system/Database/MySQLi/Connection.php(327): mysqli->query()
#1 /home/jobbcfsf/public_html/vendor/codeigniter4/framework/system/Database/BaseConnection.php(729): CodeIgniter\Database\MySQLi\Connection->execute()
#2 /home/jobbcfsf/public_html/vendor/codeigniter4/framework/system/Database/BaseConnection.php(646): CodeIgniter\Database\BaseConnection->simpleQuery()
#3 /home/jobbcfsf/public_html/vendor/codeigniter4/framework/system/Database/BaseBuilder.php(1733): CodeIgniter\Database\BaseConnection->query()
#4 /home/jobbcfsf/public_html/vendor/codeigniter4/framework/system/Model.php(675): CodeIgniter\Database\BaseBuilder->countAllResults()
#5 /home/jobbcfsf/public_html/app/Models/SavedJobModel.php(47): CodeIgniter\Model->countAllResults()
#6 /home/jobbcfsf/public_html/app/Controllers/Home.php(992): App\Models\SavedJobModel->isSaved()
#7 /home/jobbcfsf/public_html/vendor/codeigniter4/framework/system/CodeIgniter.php(933): App\Controllers\Home->view_job()
#8 /home/jobbcfsf/public_html/vendor/codeigniter4/framework/system/CodeIgniter.php(507): CodeIgniter\CodeIgniter->runController()
#9 /home/jobbcfsf/public_html/vendor/codeigniter4/framework/system/CodeIgniter.php(354): CodeIgniter\CodeIgniter->handleRequest()
#10 /home/jobbcfsf/public_html/vendor/codeigniter4/framework/system/Boot.php(363): CodeIgniter\CodeIgniter->run()
#11 /home/jobbcfsf/public_html/vendor/codeigniter4/framework/system/Boot.php(68): CodeIgniter\Boot::runCodeIgniter()
#12 /home/jobbcfsf/public_html/index.php(59): CodeIgniter\Boot::bootWeb()
#13 {main}
CRITICAL - 2026-07-14 10:37:58 --> CodeIgniter\Database\Exceptions\DatabaseException: Unknown column 'user_id' in 'WHERE'
[Method: GET, Route: jobs/we-are-hiring-hrpeople-operations-manager-lagos]
in SYSTEMPATH/Database/BaseConnection.php on line 684.
 1 SYSTEMPATH/Database/BaseBuilder.php(1733): CodeIgniter\Database\BaseConnection->query()
 2 SYSTEMPATH/Model.php(675): CodeIgniter\Database\BaseBuilder->countAllResults()
 3 APPPATH/Models/SavedJobModel.php(47): CodeIgniter\Model->countAllResults()
 4 APPPATH/Controllers/Home.php(992): App\Models\SavedJobModel->isSaved()
 5 SYSTEMPATH/CodeIgniter.php(933): App\Controllers\Home->view_job()
 6 SYSTEMPATH/CodeIgniter.php(507): CodeIgniter\CodeIgniter->runController()
 7 SYSTEMPATH/CodeIgniter.php(354): CodeIgniter\CodeIgniter->handleRequest()
 8 SYSTEMPATH/Boot.php(363): CodeIgniter\CodeIgniter->run()
 9 SYSTEMPATH/Boot.php(68): CodeIgniter\Boot::runCodeIgniter()
10 FCPATH/index.php(59): CodeIgniter\Boot::bootWeb()
CRITICAL - 2026-07-14 10:37:58 --> [Caused by] CodeIgniter\Database\Exceptions\DatabaseException: Unknown column 'user_id' in 'WHERE'
in SYSTEMPATH/Database/MySQLi/Connection.php on line 332.
 1 SYSTEMPATH/Database/BaseConnection.php(729): CodeIgniter\Database\MySQLi\Connection->execute()
 2 SYSTEMPATH/Database/BaseConnection.php(646): CodeIgniter\Database\BaseConnection->simpleQuery()
 3 SYSTEMPATH/Database/BaseBuilder.php(1733): CodeIgniter\Database\BaseConnection->query()
 4 SYSTEMPATH/Model.php(675): CodeIgniter\Database\BaseBuilder->countAllResults()
 5 APPPATH/Models/SavedJobModel.php(47): CodeIgniter\Model->countAllResults()
 6 APPPATH/Controllers/Home.php(992): App\Models\SavedJobModel->isSaved()
 7 SYSTEMPATH/CodeIgniter.php(933): App\Controllers\Home->view_job()
 8 SYSTEMPATH/CodeIgniter.php(507): CodeIgniter\CodeIgniter->runController()
 9 SYSTEMPATH/CodeIgniter.php(354): CodeIgniter\CodeIgniter->handleRequest()
10 SYSTEMPATH/Boot.php(363): CodeIgniter\CodeIgniter->run()
11 SYSTEMPATH/Boot.php(68): CodeIgniter\Boot::runCodeIgniter()
12 FCPATH/index.php(59): CodeIgniter\Boot::bootWeb()
CRITICAL - 2026-07-14 10:37:58 --> [Caused by] mysqli_sql_exception: Unknown column 'user_id' in 'WHERE'
in SYSTEMPATH/Database/MySQLi/Connection.php on line 327.
 1 SYSTEMPATH/Database/MySQLi/Connection.php(327): mysqli->query()
 2 SYSTEMPATH/Database/BaseConnection.php(729): CodeIgniter\Database\MySQLi\Connection->execute()
 3 SYSTEMPATH/Database/BaseConnection.php(646): CodeIgniter\Database\BaseConnection->simpleQuery()
 4 SYSTEMPATH/Database/BaseBuilder.php(1733): CodeIgniter\Database\BaseConnection->query()
 5 SYSTEMPATH/Model.php(675): CodeIgniter\Database\BaseBuilder->countAllResults()
 6 APPPATH/Models/SavedJobModel.php(47): CodeIgniter\Model->countAllResults()
 7 APPPATH/Controllers/Home.php(992): App\Models\SavedJobModel->isSaved()
 8 SYSTEMPATH/CodeIgniter.php(933): App\Controllers\Home->view_job()
 9 SYSTEMPATH/CodeIgniter.php(507): CodeIgniter\CodeIgniter->runController()
10 SYSTEMPATH/CodeIgniter.php(354): CodeIgniter\CodeIgniter->handleRequest()
11 SYSTEMPATH/Boot.php(363): CodeIgniter\CodeIgniter->run()
12 SYSTEMPATH/Boot.php(68): CodeIgniter\Boot::runCodeIgniter()
13 FCPATH/index.php(59): CodeIgniter\Boot::bootWeb()
DEBUG - 2026-07-14 10:37:59 --> Session: Class initialized using 'CodeIgniter\Session\Handlers\FileHandler' driver.
DEBUG - 2026-07-14 10:39:15 --> Session: Class initialized using 'CodeIgniter\Session\Handlers\FileHandler' driver.
DEBUG - 2026-07-14 10:40:38 --> Session: Class initialized using 'CodeIgniter\Session\Handlers\FileHandler' driver.
DEBUG - 2026-07-14 10:42:02 --> Session: Class initialized using 'CodeIgniter\Session\Handlers\FileHandler' driver.
DEBUG - 2026-07-14 10:43:26 --> Session: Class initialized using 'CodeIgniter\Session\Handlers\FileHandler' driver.
DEBUG - 2026-07-14 10:44:49 --> Session: Class initialized using 'CodeIgniter\Session\Handlers\FileHandler' driver.
DEBUG - 2026-07-14 10:45:32 --> Session: Class initialized using 'CodeIgniter\Session\Handlers\FileHandler' driver.
DEBUG - 2026-07-14 10:45:33 --> Session: Class initialized using 'CodeIgniter\Session\Handlers\FileHandler' driver.
DEBUG - 2026-07-14 10:45:34 --> Session: Class initialized using 'CodeIgniter\Session\Handlers\FileHandler' driver.
DEBUG - 2026-07-14 10:45:35 --> Session: Class initialized using 'CodeIgniter\Session\Handlers\FileHandler' driver.
DEBUG - 2026-07-14 10:45:37 --> Session: Class initialized using 'CodeIgniter\Session\Handlers\FileHandler' driver.
DEBUG - 2026-07-14 10:45:38 --> Session: Class initialized using 'CodeIgniter\Session\Handlers\FileHandler' driver.
DEBUG - 2026-07-14 10:45:39 --> Session: Class initialized using 'CodeIgniter\Session\Handlers\FileHandler' driver.
DEBUG - 2026-07-14 10:45:40 --> Session: Class initialized using 'CodeIgniter\Session\Handlers\FileHandler' driver.
DEBUG - 2026-07-14 10:45:42 --> Session: Class initialized using 'CodeIgniter\Session\Handlers\FileHandler' driver.
DEBUG - 2026-07-14 10:45:43 --> Session: Class initialized using 'CodeIgniter\Session\Handlers\FileHandler' driver.
DEBUG - 2026-07-14 10:45:44 --> Session: Class initialized using 'CodeIgniter\Session\Handlers\FileHandler' driver.
DEBUG - 2026-07-14 10:45:45 --> Session: Class initialized using 'CodeIgniter\Session\Handlers\FileHandler' driver.
DEBUG - 2026-07-14 10:45:46 --> Session: Class initialized using 'CodeIgniter\Session\Handlers\FileHandler' driver.
DEBUG - 2026-07-14 10:45:48 --> Session: Class initialized using 'CodeIgniter\Session\Handlers\FileHandler' driver.
DEBUG - 2026-07-14 10:45:49 --> Session: Class initialized using 'CodeIgniter\Session\Handlers\FileHandler' driver.
DEBUG - 2026-07-14 10:45:50 --> Session: Class initialized using 'CodeIgniter\Session\Handlers\FileHandler' driver.
DEBUG - 2026-07-14 10:45:51 --> Session: Class initialized using 'CodeIgniter\Session\Handlers\FileHandler' driver.
DEBUG - 2026-07-14 10:45:53 --> Session: Class initialized using 'CodeIgniter\Session\Handlers\FileHandler' driver.
DEBUG - 2026-07-14 10:45:54 --> Session: Class initialized using 'CodeIgniter\Session\Handlers\FileHandler' driver.
DEBUG - 2026-07-14 10:45:55 --> Session: Class initialized using 'CodeIgniter\Session\Handlers\FileHandler' driver.
DEBUG - 2026-07-14 10:45:56 --> Session: Class initialized using 'CodeIgniter\Session\Handlers\FileHandler' driver.
DEBUG - 2026-07-14 10:45:58 --> Session: Class initialized using 'CodeIgniter\Session\Handlers\FileHandler' driver.
DEBUG - 2026-07-14 10:45:59 --> Session: Class initialized using 'CodeIgniter\Session\Handlers\FileHandler' driver.
DEBUG - 2026-07-14 10:46:01 --> Session: Class initialized using 'CodeIgniter\Session\Handlers\FileHandler' driver.
DEBUG - 2026-07-14 10:46:02 --> Session: Class initialized using 'CodeIgniter\Session\Handlers\FileHandler' driver.
DEBUG - 2026-07-14 10:46:03 --> Session: Class initialized using 'CodeIgniter\Session\Handlers\FileHandler' driver.
DEBUG - 2026-07-14 10:46:04 --> Session: Class initialized using 'CodeIgniter\Session\Handlers\FileHandler' driver.
DEBUG - 2026-07-14 10:46:06 --> Session: Class initialized using 'CodeIgniter\Session\Handlers\FileHandler' driver.
DEBUG - 2026-07-14 10:46:07 --> Session: Class initialized using 'CodeIgniter\Session\Handlers\FileHandler' driver.
DEBUG - 2026-07-14 10:46:08 --> Session: Class initialized using 'CodeIgniter\Session\Handlers\FileHandler' driver.
DEBUG - 2026-07-14 10:46:09 --> Session: Class initialized using 'CodeIgniter\Session\Handlers\FileHandler' driver.
DEBUG - 2026-07-14 10:46:11 --> Session: Class initialized using 'CodeIgniter\Session\Handlers\FileHandler' driver.
DEBUG - 2026-07-14 10:46:12 --> Session: Class initialized using 'CodeIgniter\Session\Handlers\FileHandler' driver.
DEBUG - 2026-07-14 10:46:12 --> Session: Class initialized using 'CodeIgniter\Session\Handlers\FileHandler' driver.
DEBUG - 2026-07-14 10:46:13 --> Session: Class initialized using 'CodeIgniter\Session\Handlers\FileHandler' driver.
DEBUG - 2026-07-14 10:46:14 --> Session: Class initialized using 'CodeIgniter\Session\Handlers\FileHandler' driver.
DEBUG - 2026-07-14 10:46:16 --> Session: Class initialized using 'CodeIgniter\Session\Handlers\FileHandler' driver.
DEBUG - 2026-07-14 10:46:18 --> Session: Class initialized using 'CodeIgniter\Session\Handlers\FileHandler' driver.
DEBUG - 2026-07-14 10:46:19 --> Session: Class initialized using 'CodeIgniter\Session\Handlers\FileHandler' driver.
DEBUG - 2026-07-14 10:46:21 --> Session: Class initialized using 'CodeIgniter\Session\Handlers\FileHandler' driver.
DEBUG - 2026-07-14 10:46:23 --> Session: Class initialized using 'CodeIgniter\Session\Handlers\FileHandler' driver.
DEBUG - 2026-07-14 10:46:24 --> Session: Class initialized using 'CodeIgniter\Session\Handlers\FileHandler' driver.
DEBUG - 2026-07-14 10:46:25 --> Session: Class initialized using 'CodeIgniter\Session\Handlers\FileHandler' driver.
DEBUG - 2026-07-14 10:46:26 --> Session: Class initialized using 'CodeIgniter\Session\Handlers\FileHandler' driver.
DEBUG - 2026-07-14 10:46:28 --> Session: Class initialized using 'CodeIgniter\Session\Handlers\FileHandler' driver.
DEBUG - 2026-07-14 10:46:29 --> Session: Class initialized using 'CodeIgniter\Session\Handlers\FileHandler' driver.
DEBUG - 2026-07-14 10:46:30 --> Session: Class initialized using 'CodeIgniter\Session\Handlers\FileHandler' driver.
DEBUG - 2026-07-14 10:46:31 --> Session: Class initialized using 'CodeIgniter\Session\Handlers\FileHandler' driver.
DEBUG - 2026-07-14 10:46:33 --> Session: Class initialized using 'CodeIgniter\Session\Handlers\FileHandler' driver.
DEBUG - 2026-07-14 10:46:36 --> Session: Class initialized using 'CodeIgniter\Session\Handlers\FileHandler' driver.
DEBUG - 2026-07-14 10:46:37 --> Session: Class initialized using 'CodeIgniter\Session\Handlers\FileHandler' driver.
DEBUG - 2026-07-14 10:46:38 --> Session: Class initialized using 'CodeIgniter\Session\Handlers\FileHandler' driver.
DEBUG - 2026-07-14 10:46:39 --> Session: Class initialized using 'CodeIgniter\Session\Handlers\FileHandler' driver.
DEBUG - 2026-07-14 10:46:40 --> Session: Class initialized using 'CodeIgniter\Session\Handlers\FileHandler' driver.
DEBUG - 2026-07-14 10:46:41 --> Session: Class initialized using 'CodeIgniter\Session\Handlers\FileHandler' driver.
DEBUG - 2026-07-14 10:46:43 --> Session: Class initialized using 'CodeIgniter\Session\Handlers\FileHandler' driver.
DEBUG - 2026-07-14 10:46:45 --> Session: Class initialized using 'CodeIgniter\Session\Handlers\FileHandler' driver.
DEBUG - 2026-07-14 10:46:46 --> Session: Class initialized using 'CodeIgniter\Session\Handlers\FileHandler' driver.
DEBUG - 2026-07-14 10:46:47 --> Session: Class initialized using 'CodeIgniter\Session\Handlers\FileHandler' driver.
DEBUG - 2026-07-14 10:46:48 --> Session: Class initialized using 'CodeIgniter\Session\Handlers\FileHandler' driver.
DEBUG - 2026-07-14 10:46:49 --> Session: Class initialized using 'CodeIgniter\Session\Handlers\FileHandler' driver.
DEBUG - 2026-07-14 10:46:50 --> Session: Class initialized using 'CodeIgniter\Session\Handlers\FileHandler' driver.
DEBUG - 2026-07-14 10:46:51 --> Session: Class initialized using 'CodeIgniter\Session\Handlers\FileHandler' driver.
DEBUG - 2026-07-14 10:46:52 --> Session: Class initialized using 'CodeIgniter\Session\Handlers\FileHandler' driver.
DEBUG - 2026-07-14 10:46:54 --> Session: Class initialized using 'CodeIgniter\Session\Handlers\FileHandler' driver.
DEBUG - 2026-07-14 10:46:55 --> Session: Class initialized using 'CodeIgniter\Session\Handlers\FileHandler' driver.
DEBUG - 2026-07-14 10:46:56 --> Session: Class initialized using 'CodeIgniter\Session\Handlers\FileHandler' driver.
DEBUG - 2026-07-14 10:46:57 --> Session: Class initialized using 'CodeIgniter\Session\Handlers\FileHandler' driver.
DEBUG - 2026-07-14 10:46:58 --> Session: Class initialized using 'CodeIgniter\Session\Handlers\FileHandler' driver.
DEBUG - 2026-07-14 10:47:00 --> Session: Class initialized using 'CodeIgniter\Session\Handlers\FileHandler' driver.
DEBUG - 2026-07-14 10:47:01 --> Session: Class initialized using 'CodeIgniter\Session\Handlers\FileHandler' driver.
DEBUG - 2026-07-14 10:47:02 --> Session: Class initialized using 'CodeIgniter\Session\Handlers\FileHandler' driver.
DEBUG - 2026-07-14 10:47:03 --> Session: Class initialized using 'CodeIgniter\Session\Handlers\FileHandler' driver.
DEBUG - 2026-07-14 10:47:04 --> Session: Class initialized using 'CodeIgniter\Session\Handlers\FileHandler' driver.
DEBUG - 2026-07-14 10:47:06 --> Session: Class initialized using 'CodeIgniter\Session\Handlers\FileHandler' driver.
DEBUG - 2026-07-14 10:47:07 --> Session: Class initialized using 'CodeIgniter\Session\Handlers\FileHandler' driver.
DEBUG - 2026-07-14 10:47:08 --> Session: Class initialized using 'CodeIgniter\Session\Handlers\FileHandler' driver.
DEBUG - 2026-07-14 10:47:09 --> Session: Class initialized using 'CodeIgniter\Session\Handlers\FileHandler' driver.
DEBUG - 2026-07-14 10:47:10 --> Session: Class initialized using 'CodeIgniter\Session\Handlers\FileHandler' driver.
DEBUG - 2026-07-14 10:47:11 --> Session: Class initialized using 'CodeIgniter\Session\Handlers\FileHandler' driver.
DEBUG - 2026-07-14 10:47:12 --> Session: Class initialized using 'CodeIgniter\Session\Handlers\FileHandler' driver.
DEBUG - 2026-07-14 10:47:13 --> Session: Class initialized using 'CodeIgniter\Session\Handlers\FileHandler' driver.
DEBUG - 2026-07-14 10:47:14 --> Session: Class initialized using 'CodeIgniter\Session\Handlers\FileHandler' driver.
DEBUG - 2026-07-14 10:47:15 --> Session: Class initialized using 'CodeIgniter\Session\Handlers\FileHandler' driver.
DEBUG - 2026-07-14 10:47:17 --> Session: Class initialized using 'CodeIgniter\Session\Handlers\FileHandler' driver.
DEBUG - 2026-07-14 10:47:18 --> Session: Class initialized using 'CodeIgniter\Session\Handlers\FileHandler' driver.
DEBUG - 2026-07-14 10:47:19 --> Session: Class initialized using 'CodeIgniter\Session\Handlers\FileHandler' driver.
DEBUG - 2026-07-14 10:47:20 --> Session: Class initialized using 'CodeIgniter\Session\Handlers\FileHandler' driver.
DEBUG - 2026-07-14 10:47:21 --> Session: Class initialized using 'CodeIgniter\Session\Handlers\FileHandler' driver.
DEBUG - 2026-07-14 10:47:22 --> Session: Class initialized using 'CodeIgniter\Session\Handlers\FileHandler' driver.
DEBUG - 2026-07-14 10:47:23 --> Session: Class initialized using 'CodeIgniter\Session\Handlers\FileHandler' driver.
DEBUG - 2026-07-14 10:47:25 --> Session: Class initialized using 'CodeIgniter\Session\Handlers\FileHandler' driver.
DEBUG - 2026-07-14 10:47:26 --> Session: Class initialized using 'CodeIgniter\Session\Handlers\FileHandler' driver.
DEBUG - 2026-07-14 10:47:27 --> Session: Class initialized using 'CodeIgniter\Session\Handlers\FileHandler' driver.
DEBUG - 2026-07-14 10:47:28 --> Session: Class initialized using 'CodeIgniter\Session\Handlers\FileHandler' driver.
DEBUG - 2026-07-14 10:47:29 --> Session: Class initialized using 'CodeIgniter\Session\Handlers\FileHandler' driver.
DEBUG - 2026-07-14 10:47:31 --> Session: Class initialized using 'CodeIgniter\Session\Handlers\FileHandler' driver.
DEBUG - 2026-07-14 10:47:32 --> Session: Class initialized using 'CodeIgniter\Session\Handlers\FileHandler' driver.
DEBUG - 2026-07-14 10:47:33 --> Session: Class initialized using 'CodeIgniter\Session\Handlers\FileHandler' driver.
DEBUG - 2026-07-14 10:47:34 --> Session: Class initialized using 'CodeIgniter\Session\Handlers\FileHandler' driver.
DEBUG - 2026-07-14 10:47:35 --> Session: Class initialized using 'CodeIgniter\Session\Handlers\FileHandler' driver.
DEBUG - 2026-07-14 10:47:37 --> Session: Class initialized using 'CodeIgniter\Session\Handlers\FileHandler' driver.
DEBUG - 2026-07-14 10:47:38 --> Session: Class initialized using 'CodeIgniter\Session\Handlers\FileHandler' driver.
DEBUG - 2026-07-14 10:47:39 --> Session: Class initialized using 'CodeIgniter\Session\Handlers\FileHandler' driver.
DEBUG - 2026-07-14 10:47:40 --> Session: Class initialized using 'CodeIgniter\Session\Handlers\FileHandler' driver.
DEBUG - 2026-07-14 10:47:42 --> Session: Class initialized using 'CodeIgniter\Session\Handlers\FileHandler' driver.
DEBUG - 2026-07-14 10:47:43 --> Session: Class initialized using 'CodeIgniter\Session\Handlers\FileHandler' driver.
DEBUG - 2026-07-14 10:47:44 --> Session: Class initialized using 'CodeIgniter\Session\Handlers\FileHandler' driver.
DEBUG - 2026-07-14 10:47:45 --> Session: Class initialized using 'CodeIgniter\Session\Handlers\FileHandler' driver.
DEBUG - 2026-07-14 10:47:46 --> Session: Class initialized using 'CodeIgniter\Session\Handlers\FileHandler' driver.
DEBUG - 2026-07-14 10:47:48 --> Session: Class initialized using 'CodeIgniter\Session\Handlers\FileHandler' driver.
DEBUG - 2026-07-14 10:47:49 --> Session: Class initialized using 'CodeIgniter\Session\Handlers\FileHandler' driver.
DEBUG - 2026-07-14 10:47:50 --> Session: Class initialized using 'CodeIgniter\Session\Handlers\FileHandler' driver.
DEBUG - 2026-07-14 10:47:51 --> Session: Class initialized using 'CodeIgniter\Session\Handlers\FileHandler' driver.
DEBUG - 2026-07-14 10:47:52 --> Session: Class initialized using 'CodeIgniter\Session\Handlers\FileHandler' driver.
DEBUG - 2026-07-14 10:47:53 --> Session: Class initialized using 'CodeIgniter\Session\Handlers\FileHandler' driver.
DEBUG - 2026-07-14 10:47:54 --> Session: Class initialized using 'CodeIgniter\Session\Handlers\FileHandler' driver.
DEBUG - 2026-07-14 10:47:55 --> Session: Class initialized using 'CodeIgniter\Session\Handlers\FileHandler' driver.
DEBUG - 2026-07-14 10:47:56 --> Session: Class initialized using 'CodeIgniter\Session\Handlers\FileHandler' driver.
DEBUG - 2026-07-14 10:47:57 --> Session: Class initialized using 'CodeIgniter\Session\Handlers\FileHandler' driver.
DEBUG - 2026-07-14 10:47:58 --> Session: Class initialized using 'CodeIgniter\Session\Handlers\FileHandler' driver.
DEBUG - 2026-07-14 10:48:00 --> Session: Class initialized using 'CodeIgniter\Session\Handlers\FileHandler' driver.
DEBUG - 2026-07-14 10:48:02 --> Session: Class initialized using 'CodeIgniter\Session\Handlers\FileHandler' driver.
DEBUG - 2026-07-14 10:48:04 --> Session: Class initialized using 'CodeIgniter\Session\Handlers\FileHandler' driver.
DEBUG - 2026-07-14 10:48:05 --> Session: Class initialized using 'CodeIgniter\Session\Handlers\FileHandler' driver.
DEBUG - 2026-07-14 10:48:07 --> Session: Class initialized using 'CodeIgniter\Session\Handlers\FileHandler' driver.
DEBUG - 2026-07-14 10:48:08 --> Session: Class initialized using 'CodeIgniter\Session\Handlers\FileHandler' driver.
DEBUG - 2026-07-14 10:48:09 --> Session: Class initialized using 'CodeIgniter\Session\Handlers\FileHandler' driver.
DEBUG - 2026-07-14 10:48:11 --> Session: Class initialized using 'CodeIgniter\Session\Handlers\FileHandler' driver.
DEBUG - 2026-07-14 10:48:12 --> Session: Class initialized using 'CodeIgniter\Session\Handlers\FileHandler' driver.
DEBUG - 2026-07-14 10:48:13 --> Session: Class initialized using 'CodeIgniter\Session\Handlers\FileHandler' driver.
DEBUG - 2026-07-14 10:48:14 --> Session: Class initialized using 'CodeIgniter\Session\Handlers\FileHandler' driver.
DEBUG - 2026-07-14 10:48:16 --> Session: Class initialized using 'CodeIgniter\Session\Handlers\FileHandler' driver.
DEBUG - 2026-07-14 10:49:00 --> Session: Class initialized using 'CodeIgniter\Session\Handlers\FileHandler' driver.
DEBUG - 2026-07-14 10:49:19 --> Session: Class initialized using 'CodeIgniter\Session\Handlers\FileHandler' driver.
DEBUG - 2026-07-14 10:49:20 --> Session: Class initialized using 'CodeIgniter\Session\Handlers\FileHandler' driver.
ERROR - 2026-07-14 10:49:20 --> mysqli_sql_exception: Unknown column 'user_id' in 'WHERE' in /home/jobbcfsf/public_html/vendor/codeigniter4/framework/system/Database/MySQLi/Connection.php:327
Stack trace:
#0 /home/jobbcfsf/public_html/vendor/codeigniter4/framework/system/Database/MySQLi/Connection.php(327): mysqli->query()
#1 /home/jobbcfsf/public_html/vendor/codeigniter4/framework/system/Database/BaseConnection.php(729): CodeIgniter\Database\MySQLi\Connection->execute()
#2 /home/jobbcfsf/public_html/vendor/codeigniter4/framework/system/Database/BaseConnection.php(646): CodeIgniter\Database\BaseConnection->simpleQuery()
#3 /home/jobbcfsf/public_html/vendor/codeigniter4/framework/system/Database/BaseBuilder.php(1649): CodeIgniter\Database\BaseConnection->query()
#4 /home/jobbcfsf/public_html/vendor/codeigniter4/framework/system/Model.php(286): CodeIgniter\Database\BaseBuilder->get()
#5 /home/jobbcfsf/public_html/vendor/codeigniter4/framework/system/BaseModel.php(677): CodeIgniter\Model->doFindAll()
#6 /home/jobbcfsf/public_html/app/Controllers/Home.php(823): CodeIgniter\BaseModel->findAll()
#7 /home/jobbcfsf/public_html/vendor/codeigniter4/framework/system/CodeIgniter.php(933): App\Controllers\Home->jobs()
#8 /home/jobbcfsf/public_html/vendor/codeigniter4/framework/system/CodeIgniter.php(507): CodeIgniter\CodeIgniter->runController()
#9 /home/jobbcfsf/public_html/vendor/codeigniter4/framework/system/CodeIgniter.php(354): CodeIgniter\CodeIgniter->handleRequest()
#10 /home/jobbcfsf/public_html/vendor/codeigniter4/framework/system/Boot.php(363): CodeIgniter\CodeIgniter->run()
#11 /home/jobbcfsf/public_html/vendor/codeigniter4/framework/system/Boot.php(68): CodeIgniter\Boot::runCodeIgniter()
#12 /home/jobbcfsf/public_html/index.php(59): CodeIgniter\Boot::bootWeb()
#13 {main}
CRITICAL - 2026-07-14 10:49:20 --> CodeIgniter\Database\Exceptions\DatabaseException: Unknown column 'user_id' in 'WHERE'
[Method: GET, Route: jobs]
in SYSTEMPATH/Database/BaseConnection.php on line 684.
 1 SYSTEMPATH/Database/BaseBuilder.php(1649): CodeIgniter\Database\BaseConnection->query()
 2 SYSTEMPATH/Model.php(286): CodeIgniter\Database\BaseBuilder->get()
 3 SYSTEMPATH/BaseModel.php(677): CodeIgniter\Model->doFindAll()
 4 APPPATH/Controllers/Home.php(823): CodeIgniter\BaseModel->findAll()
 5 SYSTEMPATH/CodeIgniter.php(933): App\Controllers\Home->jobs()
 6 SYSTEMPATH/CodeIgniter.php(507): CodeIgniter\CodeIgniter->runController()
 7 SYSTEMPATH/CodeIgniter.php(354): CodeIgniter\CodeIgniter->handleRequest()
 8 SYSTEMPATH/Boot.php(363): CodeIgniter\CodeIgniter->run()
 9 SYSTEMPATH/Boot.php(68): CodeIgniter\Boot::runCodeIgniter()
10 FCPATH/index.php(59): CodeIgniter\Boot::bootWeb()
CRITICAL - 2026-07-14 10:49:20 --> [Caused by] CodeIgniter\Database\Exceptions\DatabaseException: Unknown column 'user_id' in 'WHERE'
in SYSTEMPATH/Database/MySQLi/Connection.php on line 332.
 1 SYSTEMPATH/Database/BaseConnection.php(729): CodeIgniter\Database\MySQLi\Connection->execute()
 2 SYSTEMPATH/Database/BaseConnection.php(646): CodeIgniter\Database\BaseConnection->simpleQuery()
 3 SYSTEMPATH/Database/BaseBuilder.php(1649): CodeIgniter\Database\BaseConnection->query()
 4 SYSTEMPATH/Model.php(286): CodeIgniter\Database\BaseBuilder->get()
 5 SYSTEMPATH/BaseModel.php(677): CodeIgniter\Model->doFindAll()
 6 APPPATH/Controllers/Home.php(823): CodeIgniter\BaseModel->findAll()
 7 SYSTEMPATH/CodeIgniter.php(933): App\Controllers\Home->jobs()
 8 SYSTEMPATH/CodeIgniter.php(507): CodeIgniter\CodeIgniter->runController()
 9 SYSTEMPATH/CodeIgniter.php(354): CodeIgniter\CodeIgniter->handleRequest()
10 SYSTEMPATH/Boot.php(363): CodeIgniter\CodeIgniter->run()
11 SYSTEMPATH/Boot.php(68): CodeIgniter\Boot::runCodeIgniter()
12 FCPATH/index.php(59): CodeIgniter\Boot::bootWeb()
CRITICAL - 2026-07-14 10:49:20 --> [Caused by] mysqli_sql_exception: Unknown column 'user_id' in 'WHERE'
in SYSTEMPATH/Database/MySQLi/Connection.php on line 327.
 1 SYSTEMPATH/Database/MySQLi/Connection.php(327): mysqli->query()
 2 SYSTEMPATH/Database/BaseConnection.php(729): CodeIgniter\Database\MySQLi\Connection->execute()
 3 SYSTEMPATH/Database/BaseConnection.php(646): CodeIgniter\Database\BaseConnection->simpleQuery()
 4 SYSTEMPATH/Database/BaseBuilder.php(1649): CodeIgniter\Database\BaseConnection->query()
 5 SYSTEMPATH/Model.php(286): CodeIgniter\Database\BaseBuilder->get()
 6 SYSTEMPATH/BaseModel.php(677): CodeIgniter\Model->doFindAll()
 7 APPPATH/Controllers/Home.php(823): CodeIgniter\BaseModel->findAll()
 8 SYSTEMPATH/CodeIgniter.php(933): App\Controllers\Home->jobs()
 9 SYSTEMPATH/CodeIgniter.php(507): CodeIgniter\CodeIgniter->runController()
10 SYSTEMPATH/CodeIgniter.php(354): CodeIgniter\CodeIgniter->handleRequest()
11 SYSTEMPATH/Boot.php(363): CodeIgniter\CodeIgniter->run()
12 SYSTEMPATH/Boot.php(68): CodeIgniter\Boot::runCodeIgniter()
13 FCPATH/index.php(59): CodeIgniter\Boot::bootWeb()
DEBUG - 2026-07-14 10:50:18 --> Session: Class initialized using 'CodeIgniter\Session\Handlers\FileHandler' driver.
DEBUG - 2026-07-14 10:50:23 --> Session: Class initialized using 'CodeIgniter\Session\Handlers\FileHandler' driver.
DEBUG - 2026-07-14 10:50:30 --> Session: Class initialized using 'CodeIgniter\Session\Handlers\FileHandler' driver.
DEBUG - 2026-07-14 10:50:33 --> Session: Class initialized using 'CodeIgniter\Session\Handlers\FileHandler' driver.
DEBUG - 2026-07-14 10:50:37 --> Session: Class initialized using 'CodeIgniter\Session\Handlers\FileHandler' driver.
DEBUG - 2026-07-14 10:50:38 --> Session: Class initialized using 'CodeIgniter\Session\Handlers\FileHandler' driver.
DEBUG - 2026-07-14 10:50:51 --> Session: Class initialized using 'CodeIgniter\Session\Handlers\FileHandler' driver.
WARNING - 2026-07-14 10:50:51 --> [DEPRECATED] trim(): Passing null to parameter #1 ($string) of type string is deprecated in APPPATH/Controllers/Home.php on line 2366.
 1 APPPATH/Controllers/Home.php(2366): trim(null)
 2 SYSTEMPATH/CodeIgniter.php(933): App\Controllers\Home->blogs()
 3 SYSTEMPATH/CodeIgniter.php(507): CodeIgniter\CodeIgniter->runController(Object(App\Controllers\Home))
 4 SYSTEMPATH/CodeIgniter.php(354): CodeIgniter\CodeIgniter->handleRequest(null, Object(Config\Cache), false)
 5 SYSTEMPATH/Boot.php(363): CodeIgniter\CodeIgniter->run()
 6 SYSTEMPATH/Boot.php(68): CodeIgniter\Boot::runCodeIgniter(Object(CodeIgniter\CodeIgniter))
 7 FCPATH/index.php(59): CodeIgniter\Boot::bootWeb(Object(Config\Paths))
DEBUG - 2026-07-14 10:51:47 --> Session: Class initialized using 'CodeIgniter\Session\Handlers\FileHandler' driver.
DEBUG - 2026-07-14 10:53:10 --> Session: Class initialized using 'CodeIgniter\Session\Handlers\FileHandler' driver.
DEBUG - 2026-07-14 10:53:34 --> Session: Class initialized using 'CodeIgniter\Session\Handlers\FileHandler' driver.
DEBUG - 2026-07-14 10:54:33 --> Session: Class initialized using 'CodeIgniter\Session\Handlers\FileHandler' driver.
DEBUG - 2026-07-14 10:54:47 --> Session: Class initialized using 'CodeIgniter\Session\Handlers\FileHandler' driver.
DEBUG - 2026-07-14 10:55:56 --> Session: Class initialized using 'CodeIgniter\Session\Handlers\FileHandler' driver.
DEBUG - 2026-07-14 10:57:20 --> Session: Class initialized using 'CodeIgniter\Session\Handlers\FileHandler' driver.
DEBUG - 2026-07-14 10:58:44 --> Session: Class initialized using 'CodeIgniter\Session\Handlers\FileHandler' driver.
DEBUG - 2026-07-14 10:59:01 --> Session: Class initialized using 'CodeIgniter\Session\Handlers\FileHandler' driver.
DEBUG - 2026-07-14 11:00:07 --> Session: Class initialized using 'CodeIgniter\Session\Handlers\FileHandler' driver.
DEBUG - 2026-07-14 11:01:30 --> Session: Class initialized using 'CodeIgniter\Session\Handlers\FileHandler' driver.
DEBUG - 2026-07-14 11:02:54 --> Session: Class initialized using 'CodeIgniter\Session\Handlers\FileHandler' driver.
DEBUG - 2026-07-14 11:04:17 --> Session: Class initialized using 'CodeIgniter\Session\Handlers\FileHandler' driver.
DEBUG - 2026-07-14 11:05:40 --> Session: Class initialized using 'CodeIgniter\Session\Handlers\FileHandler' driver.
DEBUG - 2026-07-14 11:06:03 --> Session: Class initialized using 'CodeIgniter\Session\Handlers\FileHandler' driver.
DEBUG - 2026-07-14 11:06:37 --> Session: Class initialized using 'CodeIgniter\Session\Handlers\FileHandler' driver.
DEBUG - 2026-07-14 11:07:06 --> Session: Class initialized using 'CodeIgniter\Session\Handlers\FileHandler' driver.
DEBUG - 2026-07-14 11:08:02 --> Session: Class initialized using 'CodeIgniter\Session\Handlers\FileHandler' driver.
ERROR - 2026-07-14 11:08:02 --> mysqli_sql_exception: Unknown column 'user_id' in 'WHERE' in /home/jobbcfsf/public_html/vendor/codeigniter4/framework/system/Database/MySQLi/Connection.php:327
Stack trace:
#0 /home/jobbcfsf/public_html/vendor/codeigniter4/framework/system/Database/MySQLi/Connection.php(327): mysqli->query()
#1 /home/jobbcfsf/public_html/vendor/codeigniter4/framework/system/Database/BaseConnection.php(729): CodeIgniter\Database\MySQLi\Connection->execute()
#2 /home/jobbcfsf/public_html/vendor/codeigniter4/framework/system/Database/BaseConnection.php(646): CodeIgniter\Database\BaseConnection->simpleQuery()
#3 /home/jobbcfsf/public_html/vendor/codeigniter4/framework/system/Database/BaseBuilder.php(1649): CodeIgniter\Database\BaseConnection->query()
#4 /home/jobbcfsf/public_html/vendor/codeigniter4/framework/system/Model.php(286): CodeIgniter\Database\BaseBuilder->get()
#5 /home/jobbcfsf/public_html/vendor/codeigniter4/framework/system/BaseModel.php(677): CodeIgniter\Model->doFindAll()
#6 /home/jobbcfsf/public_html/app/Controllers/Home.php(823): CodeIgniter\BaseModel->findAll()
#7 /home/jobbcfsf/public_html/vendor/codeigniter4/framework/system/CodeIgniter.php(933): App\Controllers\Home->jobs()
#8 /home/jobbcfsf/public_html/vendor/codeigniter4/framework/system/CodeIgniter.php(507): CodeIgniter\CodeIgniter->runController()
#9 /home/jobbcfsf/public_html/vendor/codeigniter4/framework/system/CodeIgniter.php(354): CodeIgniter\CodeIgniter->handleRequest()
#10 /home/jobbcfsf/public_html/vendor/codeigniter4/framework/system/Boot.php(363): CodeIgniter\CodeIgniter->run()
#11 /home/jobbcfsf/public_html/vendor/codeigniter4/framework/system/Boot.php(68): CodeIgniter\Boot::runCodeIgniter()
#12 /home/jobbcfsf/public_html/index.php(59): CodeIgniter\Boot::bootWeb()
#13 {main}
CRITICAL - 2026-07-14 11:08:02 --> CodeIgniter\Database\Exceptions\DatabaseException: Unknown column 'user_id' in 'WHERE'
[Method: GET, Route: jobs]
in SYSTEMPATH/Database/BaseConnection.php on line 684.
 1 SYSTEMPATH/Database/BaseBuilder.php(1649): CodeIgniter\Database\BaseConnection->query()
 2 SYSTEMPATH/Model.php(286): CodeIgniter\Database\BaseBuilder->get()
 3 SYSTEMPATH/BaseModel.php(677): CodeIgniter\Model->doFindAll()
 4 APPPATH/Controllers/Home.php(823): CodeIgniter\BaseModel->findAll()
 5 SYSTEMPATH/CodeIgniter.php(933): App\Controllers\Home->jobs()
 6 SYSTEMPATH/CodeIgniter.php(507): CodeIgniter\CodeIgniter->runController()
 7 SYSTEMPATH/CodeIgniter.php(354): CodeIgniter\CodeIgniter->handleRequest()
 8 SYSTEMPATH/Boot.php(363): CodeIgniter\CodeIgniter->run()
 9 SYSTEMPATH/Boot.php(68): CodeIgniter\Boot::runCodeIgniter()
10 FCPATH/index.php(59): CodeIgniter\Boot::bootWeb()
CRITICAL - 2026-07-14 11:08:02 --> [Caused by] CodeIgniter\Database\Exceptions\DatabaseException: Unknown column 'user_id' in 'WHERE'
in SYSTEMPATH/Database/MySQLi/Connection.php on line 332.
 1 SYSTEMPATH/Database/BaseConnection.php(729): CodeIgniter\Database\MySQLi\Connection->execute()
 2 SYSTEMPATH/Database/BaseConnection.php(646): CodeIgniter\Database\BaseConnection->simpleQuery()
 3 SYSTEMPATH/Database/BaseBuilder.php(1649): CodeIgniter\Database\BaseConnection->query()
 4 SYSTEMPATH/Model.php(286): CodeIgniter\Database\BaseBuilder->get()
 5 SYSTEMPATH/BaseModel.php(677): CodeIgniter\Model->doFindAll()
 6 APPPATH/Controllers/Home.php(823): CodeIgniter\BaseModel->findAll()
 7 SYSTEMPATH/CodeIgniter.php(933): App\Controllers\Home->jobs()
 8 SYSTEMPATH/CodeIgniter.php(507): CodeIgniter\CodeIgniter->runController()
 9 SYSTEMPATH/CodeIgniter.php(354): CodeIgniter\CodeIgniter->handleRequest()
10 SYSTEMPATH/Boot.php(363): CodeIgniter\CodeIgniter->run()
11 SYSTEMPATH/Boot.php(68): CodeIgniter\Boot::runCodeIgniter()
12 FCPATH/index.php(59): CodeIgniter\Boot::bootWeb()
CRITICAL - 2026-07-14 11:08:02 --> [Caused by] mysqli_sql_exception: Unknown column 'user_id' in 'WHERE'
in SYSTEMPATH/Database/MySQLi/Connection.php on line 327.
 1 SYSTEMPATH/Database/MySQLi/Connection.php(327): mysqli->query()
 2 SYSTEMPATH/Database/BaseConnection.php(729): CodeIgniter\Database\MySQLi\Connection->execute()
 3 SYSTEMPATH/Database/BaseConnection.php(646): CodeIgniter\Database\BaseConnection->simpleQuery()
 4 SYSTEMPATH/Database/BaseBuilder.php(1649): CodeIgniter\Database\BaseConnection->query()
 5 SYSTEMPATH/Model.php(286): CodeIgniter\Database\BaseBuilder->get()
 6 SYSTEMPATH/BaseModel.php(677): CodeIgniter\Model->doFindAll()
 7 APPPATH/Controllers/Home.php(823): CodeIgniter\BaseModel->findAll()
 8 SYSTEMPATH/CodeIgniter.php(933): App\Controllers\Home->jobs()
 9 SYSTEMPATH/CodeIgniter.php(507): CodeIgniter\CodeIgniter->runController()
10 SYSTEMPATH/CodeIgniter.php(354): CodeIgniter\CodeIgniter->handleRequest()
11 SYSTEMPATH/Boot.php(363): CodeIgniter\CodeIgniter->run()
12 SYSTEMPATH/Boot.php(68): CodeIgniter\Boot::runCodeIgniter()
13 FCPATH/index.php(59): CodeIgniter\Boot::bootWeb()
DEBUG - 2026-07-14 11:08:30 --> Session: Class initialized using 'CodeIgniter\Session\Handlers\FileHandler' driver.
DEBUG - 2026-07-14 11:09:11 --> Session: Class initialized using 'CodeIgniter\Session\Handlers\FileHandler' driver.
DEBUG - 2026-07-14 11:09:18 --> Session: Class initialized using 'CodeIgniter\Session\Handlers\FileHandler' driver.
DEBUG - 2026-07-14 11:09:32 --> Session: Class initialized using 'CodeIgniter\Session\Handlers\FileHandler' driver.
DEBUG - 2026-07-14 11:09:39 --> Session: Class initialized using 'CodeIgniter\Session\Handlers\FileHandler' driver.
DEBUG - 2026-07-14 11:09:44 --> Session: Class initialized using 'CodeIgniter\Session\Handlers\FileHandler' driver.
DEBUG - 2026-07-14 11:09:53 --> Session: Class initialized using 'CodeIgniter\Session\Handlers\FileHandler' driver.
DEBUG - 2026-07-14 11:10:07 --> Session: Class initialized using 'CodeIgniter\Session\Handlers\FileHandler' driver.
DEBUG - 2026-07-14 11:10:28 --> Session: Class initialized using 'CodeIgniter\Session\Handlers\FileHandler' driver.
DEBUG - 2026-07-14 11:11:17 --> Session: Class initialized using 'CodeIgniter\Session\Handlers\FileHandler' driver.
DEBUG - 2026-07-14 11:12:39 --> Session: Class initialized using 'CodeIgniter\Session\Handlers\FileHandler' driver.
DEBUG - 2026-07-14 11:12:40 --> Session: Class initialized using 'CodeIgniter\Session\Handlers\FileHandler' driver.
DEBUG - 2026-07-14 11:13:42 --> Session: Class initialized using 'CodeIgniter\Session\Handlers\FileHandler' driver.
DEBUG - 2026-07-14 11:13:45 --> Session: Class initialized using 'CodeIgniter\Session\Handlers\FileHandler' driver.
DEBUG - 2026-07-14 11:14:05 --> Session: Class initialized using 'CodeIgniter\Session\Handlers\FileHandler' driver.
DEBUG - 2026-07-14 11:14:09 --> Session: Class initialized using 'CodeIgniter\Session\Handlers\FileHandler' driver.
DEBUG - 2026-07-14 11:14:15 --> Session: Class initialized using 'CodeIgniter\Session\Handlers\FileHandler' driver.
DEBUG - 2026-07-14 11:14:17 --> Session: Class initialized using 'CodeIgniter\Session\Handlers\FileHandler' driver.
DEBUG - 2026-07-14 11:14:18 --> Session: Class initialized using 'CodeIgniter\Session\Handlers\FileHandler' driver.
DEBUG - 2026-07-14 11:15:27 --> Session: Class initialized using 'CodeIgniter\Session\Handlers\FileHandler' driver.
DEBUG - 2026-07-14 11:15:28 --> Session: Class initialized using 'CodeIgniter\Session\Handlers\FileHandler' driver.
DEBUG - 2026-07-14 11:15:30 --> Session: Class initialized using 'CodeIgniter\Session\Handlers\FileHandler' driver.
DEBUG - 2026-07-14 11:16:51 --> Session: Class initialized using 'CodeIgniter\Session\Handlers\FileHandler' driver.
DEBUG - 2026-07-14 11:16:58 --> Session: Class initialized using 'CodeIgniter\Session\Handlers\FileHandler' driver.
